t_s,rms_dbfs,f0_pyin_hz,voiced,voiced_prob,centroid_hz,f0_kamm_hz,rpm_a,rpm_b
0.000,-180.00,,0,0.00,0,,,
0.021,-180.00,,0,0.00,0,,,
0.043,-180.00,,0,0.01,2897,,,
0.064,-133.08,,0,0.01,4533,,,
0.085,-40.28,,0,0.01,1336,,,
0.107,-22.44,,0,0.01,1088,58.0,696,1392
0.128,-17.88,,0,0.01,892,58.0,696,1392
0.149,-16.53,,0,0.03,832,57.5,690,1380
0.171,-15.93,,0,0.06,824,57.5,690,1380
0.192,-16.63,,0,0.03,847,57.5,690,1380
0.213,-19.19,,0,0.02,878,57.5,690,1380
0.235,-20.50,,0,0.01,1029,86.5,1038,2076
0.256,-20.21,,0,0.01,945,86.5,1038,2076
0.277,-19.55,,0,0.01,875,57.5,690,1380
0.299,-18.34,,0,0.01,879,57.5,690,1380
0.320,-17.69,,0,0.01,876,57.5,690,1380
0.341,-16.24,,0,0.01,849,58.0,696,1392
0.363,-16.47,,0,0.01,848,58.0,696,1392
0.384,-18.21,,0,0.01,923,58.0,696,1392
0.405,-16.65,,0,0.01,949,58.0,696,1392
0.427,-15.10,,0,0.05,897,58.0,696,1392
0.448,-14.67,,0,0.03,871,54.0,648,1296
0.469,-14.39,,0,0.01,923,54.0,648,1296
0.491,-14.67,,0,0.01,739,54.0,648,1296
0.512,-15.11,,0,0.01,707,54.0,648,1296
0.533,-14.28,,0,0.01,827,50.0,600,1200
0.555,-13.97,,0,0.02,865,50.0,600,1200
0.576,-13.74,,0,0.06,809,57.5,690,1380
0.597,-13.53,,0,0.05,865,56.5,678,1356
0.619,-13.60,,0,0.05,924,56.5,678,1356
0.640,-12.95,,0,0.04,871,56.5,678,1356
0.661,-12.87,,0,0.04,902,56.5,678,1356
0.683,-13.01,39.8,1,0.08,887,81.0,972,1944
0.704,-12.76,40.5,1,0.07,837,81.0,972,1944
0.725,-12.77,41.5,1,0.06,819,81.0,972,1944
0.747,-13.80,42.7,1,0.07,902,82.5,990,1980
0.768,-14.68,44.2,1,0.02,988,82.5,990,1980
0.789,-14.32,45.5,1,0.03,1013,82.5,990,1980
0.811,-14.27,46.3,1,0.07,989,51.0,612,1224
0.832,-14.11,47.1,1,0.03,932,51.0,612,1224
0.853,-13.52,48.5,1,0.05,943,51.0,612,1224
0.875,-12.55,49.9,1,0.05,883,51.0,612,1224
0.896,-11.68,51.0,1,0.05,862,51.0,612,1224
0.917,-11.16,52.2,1,0.11,838,51.0,612,1224
0.939,-11.28,53.5,1,0.15,867,51.0,612,1224
0.960,-11.44,55.0,1,0.24,833,56.5,678,1356
0.981,-11.67,57.0,1,0.24,752,56.5,678,1356
1.003,-11.71,57.6,1,0.28,697,56.5,678,1356
1.024,-11.89,58.6,1,0.24,658,56.5,678,1356
1.045,-12.56,60.0,1,0.07,628,59.5,714,1428
1.067,-13.09,61.8,1,0.03,662,59.5,714,1428
1.088,-13.40,63.2,1,0.02,679,59.5,714,1428
1.109,-13.84,65.4,1,0.01,705,59.5,714,1428
1.131,-14.51,70.9,1,0.01,783,61.0,732,1464
1.152,-13.21,73.4,1,0.02,791,73.5,882,1764
1.173,-11.92,76.0,1,0.01,753,73.5,882,1764
1.195,-11.89,79.2,1,0.01,755,81.5,978,1956
1.216,-11.84,82.0,1,0.02,740,81.5,978,1956
1.237,-12.12,83.9,1,0.01,739,81.0,972,1944
1.259,-12.79,88.4,1,0.01,814,,,
1.280,-12.61,94.2,1,0.01,841,82.5,990,1980
1.301,-12.25,97.5,1,0.01,860,100.5,1206,2412
1.323,-12.17,100.3,1,0.01,854,100.5,1206,2412
1.344,-12.33,102.7,1,0.01,923,100.5,1206,2412
1.365,-11.56,105.1,1,0.01,891,100.5,1206,2412
1.387,-10.86,107.5,1,0.01,856,107.0,1284,2568
1.408,-12.09,108.8,1,0.01,898,107.0,1284,2568
1.429,-13.98,109.4,1,0.05,1002,110.0,1320,2640
1.451,-14.08,110.0,1,0.02,1049,110.0,1320,2640
1.472,-14.19,112.0,1,0.03,1097,110.0,1320,2640
1.493,-13.67,112.0,1,0.02,1064,111.0,1332,2664
1.515,-12.82,113.3,1,0.02,1057,111.0,1332,2664
1.536,-12.98,113.9,1,0.02,1012,111.5,1338,2676
1.557,-12.79,115.2,1,0.03,1021,113.0,1356,2712
1.579,-12.38,115.2,1,0.03,968,113.5,1362,2724
1.600,-12.47,115.9,1,0.04,1014,114.5,1374,2748
1.621,-12.16,116.6,1,0.03,985,114.5,1374,2748
1.643,-12.21,117.3,1,0.07,1019,116.5,1398,2796
1.664,-12.79,118.6,1,0.06,926,116.5,1398,2796
1.685,-13.17,119.3,1,0.08,951,116.5,1398,2796
1.707,-13.76,120.7,1,0.05,1019,122.5,1470,2940
1.728,-14.25,120.7,1,0.03,1046,122.5,1470,2940
1.749,-13.95,122.1,1,0.03,1053,122.5,1470,2940
1.771,-13.54,122.8,1,0.02,1097,122.5,1470,2940
1.792,-13.37,123.5,1,0.03,1094,123.5,1482,2964
1.813,-13.46,125.0,1,0.05,1083,125.0,1500,3000
1.835,-13.11,125.7,1,0.05,1051,125.0,1500,3000
1.856,-12.95,126.4,1,0.06,1021,127.5,1530,3060
1.877,-12.98,127.1,1,0.04,1030,127.5,1530,3060
1.899,-12.71,127.9,1,0.09,1042,127.5,1530,3060
1.920,-12.04,129.4,1,0.09,1025,127.5,1530,3060
1.941,-11.70,129.4,1,0.18,1016,127.5,1530,3060
1.963,-12.19,130.9,1,0.11,977,131.0,1572,3144
1.984,-12.64,131.6,1,0.15,988,130.5,1566,3132
2.005,-13.50,132.4,1,0.06,982,134.0,1608,3216
2.027,-13.85,133.1,1,0.05,1041,134.0,1608,3216
2.048,-13.88,134.7,1,0.07,1026,134.0,1608,3216
2.069,-13.11,135.5,1,0.08,1043,136.0,1632,3264
2.091,-12.35,136.3,1,0.15,1066,136.0,1632,3264
2.112,-12.39,137.0,1,0.13,1028,136.5,1638,3276
2.133,-12.16,137.8,1,0.15,1008,136.5,1638,3276
2.155,-12.56,137.8,1,0.15,966,136.5,1638,3276
2.176,-12.52,137.8,1,0.13,950,138.0,1656,3312
2.197,-12.60,138.6,1,0.15,971,139.0,1668,3336
2.219,-13.04,138.6,1,0.08,988,139.5,1674,3348
2.240,-12.48,140.3,1,0.08,1001,139.5,1674,3348
2.261,-12.72,141.1,1,0.07,978,141.0,1692,3384
2.283,-12.65,141.9,1,0.03,990,141.0,1692,3384
2.304,-12.27,143.5,1,0.06,947,141.0,1692,3384
2.325,-13.20,144.4,1,0.03,929,141.0,1692,3384
2.347,-13.25,147.7,1,0.02,941,141.0,1692,3384
2.368,-12.38,149.5,1,0.02,943,,,
2.389,-13.08,151.2,1,0.03,936,,,
2.411,-14.32,155.6,1,0.02,983,,,
2.432,-13.86,158.3,1,0.03,1003,,,
2.453,-14.21,161.1,1,0.02,979,,,
2.475,-14.35,163.9,1,0.02,953,,,
2.496,-13.52,166.8,1,0.02,894,,,
2.517,-13.80,168.7,1,0.02,891,,,
2.539,-14.70,172.7,1,0.02,921,,,
2.560,-14.81,175.7,1,0.01,921,,,
2.581,-13.74,177.7,1,0.02,910,,,
2.603,-12.64,179.8,1,0.05,933,,,
2.624,-13.00,181.9,1,0.06,933,180.0,2160,4320
2.645,-13.23,184.0,1,0.08,954,,,
2.667,-13.29,187.2,1,0.06,950,,,
2.688,-13.14,189.4,1,0.11,946,188.5,2262,4524
2.709,-12.06,191.6,1,0.18,942,188.0,2256,4512
2.731,-12.51,193.8,1,0.21,936,193.0,2316,4632
2.752,-12.76,196.1,1,0.24,933,193.0,2316,4632
2.773,-11.95,199.5,1,0.28,920,194.5,2334,4668
2.795,-11.52,201.8,1,0.37,936,203.5,2442,4884
2.816,-11.29,204.2,1,0.48,970,206.5,2478,4956
2.837,-11.26,205.3,1,0.55,971,206.5,2478,4956
2.859,-11.24,207.7,1,0.55,975,209.0,2508,5016
2.880,-11.31,210.1,1,0.62,997,209.0,2508,5016
2.901,-11.57,212.6,1,0.55,992,214.5,2574,5148
2.923,-11.53,213.8,1,0.55,1018,214.5,2574,5148
2.944,-11.62,216.3,1,0.48,1036,214.5,2574,5148
2.965,-12.08,218.8,1,0.43,1028,214.5,2574,5148
2.987,-12.20,221.4,1,0.37,1020,222.5,2670,5340
3.008,-12.13,225.2,1,0.43,1007,223.5,2682,5364
3.029,-12.44,227.8,1,0.37,1027,223.5,2682,5364
3.051,-13.03,230.5,1,0.24,1079,229.0,2748,5496
3.072,-13.50,234.5,1,0.09,1106,235.0,2820,5640
3.093,-13.62,238.6,1,0.11,1099,235.0,2820,5640
3.115,-13.93,244.2,1,0.13,1159,235.0,2820,5640
3.136,-14.08,245.6,1,0.11,1157,241.5,2898,5796
3.157,-13.83,247.0,1,0.18,1130,241.5,2898,5796
3.179,-13.71,248.5,1,0.24,1124,245.0,2940,5880
3.200,-13.87,249.9,1,0.28,1112,245.0,2940,5880
3.221,-14.23,252.8,1,0.24,1081,248.0,2976,5952
3.243,-13.97,255.7,1,0.32,1078,255.5,3066,6132
3.264,-13.93,257.2,1,0.37,1136,261.0,3132,6264
3.285,-14.58,260.2,1,0.43,1187,262.0,3144,6288
3.307,-14.64,263.2,1,0.43,1188,262.0,3144,6288
3.328,-14.56,264.8,1,0.37,1165,266.5,3198,6396
3.349,-15.43,267.8,1,0.28,1238,275.0,3300,6600
3.371,-15.93,271.0,1,0.15,1354,275.0,3300,6600
3.392,-15.22,272.5,1,0.15,1391,275.0,3300,6600
3.413,-14.76,275.7,1,0.21,1409,275.0,3300,6600
3.435,-14.73,278.9,1,0.21,1438,278.5,3342,6684
3.456,-14.61,,0,0.18,1498,278.5,3342,6684
3.477,-14.21,,0,0.15,1531,277.0,3324,6648
3.499,-13.49,,0,0.13,1542,282.5,3390,6780
3.520,-13.62,142.7,1,0.15,1563,287.0,3444,6888
3.541,-14.29,144.4,1,0.11,1596,287.0,3444,6888
3.563,-14.00,145.2,1,0.13,1631,287.0,3444,6888
3.584,-13.59,146.0,1,0.11,1622,291.0,3492,6984
3.605,-13.79,146.9,1,0.13,1630,290.5,3486,6972
3.627,-14.11,148.6,1,0.13,1647,300.0,3600,7200
3.648,-14.51,149.5,1,0.09,1728,300.0,3600,7200
3.669,-15.15,150.3,1,0.07,1824,300.0,3600,7200
3.691,-16.67,150.3,1,0.02,1736,300.0,3600,7200
3.712,-20.27,151.2,1,0.01,1848,,,
3.733,-18.45,,0,0.01,1755,,,
3.755,-15.68,,0,0.01,1502,,,
3.776,-15.59,,0,0.01,1648,,,
3.797,-15.64,150.3,1,0.01,1779,,,
3.819,-15.98,151.2,1,0.01,1770,,,
3.840,-18.61,152.9,1,0.01,1959,,,
3.861,-20.91,152.9,1,0.01,2208,,,
3.883,-19.10,150.3,1,0.01,2066,,,
3.904,-16.37,145.2,1,0.01,1587,,,
3.925,-15.59,145.2,1,0.01,1476,,,
3.947,-16.27,,0,0.01,1632,,,
3.968,-15.55,,0,0.01,2007,,,
3.989,-15.61,,0,0.01,2311,75.0,900,1800
4.011,-15.34,,0,0.01,2102,75.0,900,1800
4.032,-13.41,,0,0.01,1666,75.0,900,1800
4.053,-13.50,,0,0.02,1561,71.5,858,1716
4.075,-16.55,217.6,1,0.02,1623,214.5,2574,5148
4.096,-17.24,217.6,1,0.13,1582,215.0,2580,5160
4.117,-14.34,216.3,1,0.21,1315,215.0,2580,5160
4.139,-13.81,217.6,1,0.37,1232,215.0,2580,5160
4.160,-13.70,220.1,1,0.43,1143,216.5,2598,5196
4.181,-13.83,221.4,1,0.32,1139,216.5,2598,5196
4.203,-14.59,225.2,1,0.32,1195,226.5,2718,5436
4.224,-15.46,227.8,1,0.13,1327,227.5,2730,5460
4.245,-17.58,230.5,1,0.03,1428,229.0,2748,5496
4.267,-17.92,231.8,1,0.02,1500,229.0,2748,5496
4.288,-15.55,231.8,1,0.06,1465,229.5,2754,5508
4.309,-13.10,231.8,1,0.15,1428,230.0,2760,5520
4.331,-12.10,231.8,1,0.32,1358,230.0,2760,5520
4.352,-12.05,233.2,1,0.37,1407,230.0,2760,5520
4.373,-12.37,233.2,1,0.43,1498,230.0,2760,5520
4.395,-12.52,235.9,1,0.43,1460,230.5,2766,5532
4.416,-12.62,237.2,1,0.37,1445,230.5,2766,5532
4.437,-13.02,238.6,1,0.32,1483,232.0,2784,5568
4.459,-12.37,240.0,1,0.37,1446,234.0,2808,5616
4.480,-11.51,240.0,1,0.48,1336,240.0,2880,5760
4.501,-12.34,242.8,1,0.55,1284,240.0,2880,5760
4.523,-14.53,244.2,1,0.48,1286,244.0,2928,5856
4.544,-15.20,245.6,1,0.43,1370,244.0,2928,5856
4.565,-14.33,245.6,1,0.43,1339,244.0,2928,5856
4.587,-13.61,247.0,1,0.48,1323,244.0,2928,5856
4.608,-13.35,247.0,1,0.48,1296,244.5,2934,5868
4.629,-13.34,247.0,1,0.43,1314,244.5,2934,5868
4.651,-13.72,248.5,1,0.43,1264,248.5,2982,5964
4.672,-14.26,249.9,1,0.37,1272,248.5,2982,5964
4.693,-14.77,251.4,1,0.32,1256,248.5,2982,5964
4.715,-15.36,252.8,1,0.32,1314,250.0,3000,6000
4.736,-16.01,254.3,1,0.28,1396,253.5,3042,6084
4.757,-16.68,255.7,1,0.28,1431,257.0,3084,6168
4.779,-16.98,257.2,1,0.21,1456,257.5,3090,6180
4.800,-16.59,257.2,1,0.18,1490,257.5,3090,6180
4.821,-16.58,258.7,1,0.15,1458,257.5,3090,6180
4.843,-17.51,260.2,1,0.08,1521,257.5,3090,6180
4.864,-18.43,260.2,1,0.05,1622,257.5,3090,6180
4.885,-18.11,260.2,1,0.02,1614,260.0,3120,6240
4.907,-16.78,261.7,1,0.03,1570,260.0,3120,6240
4.928,-14.71,263.2,1,0.08,1473,262.5,3150,6300
4.949,-13.81,263.2,1,0.13,1455,263.5,3162,6324
4.971,-13.78,264.8,1,0.15,1456,263.5,3162,6324
4.992,-13.10,266.3,1,0.21,1346,264.0,3168,6336
5.013,-12.87,267.8,1,0.28,1346,267.0,3204,6408
5.035,-13.28,267.8,1,0.32,1371,268.0,3216,6432
5.056,-13.48,269.4,1,0.32,1386,268.0,3216,6432
5.077,-14.05,271.0,1,0.32,1374,268.5,3222,6444
5.099,-14.34,271.0,1,0.32,1383,270.0,3240,6480
5.120,-14.16,272.5,1,0.24,1386,271.5,3258,6516
5.141,-13.97,274.1,1,0.21,1363,272.0,3264,6528
5.163,-13.90,274.1,1,0.21,1336,272.0,3264,6528
5.184,-14.99,275.7,1,0.13,1301,272.0,3264,6528
5.205,-18.60,275.7,1,0.04,1467,272.0,3264,6528
5.227,-23.23,271.0,1,0.01,1610,274.0,3288,6576
5.248,-20.96,245.6,1,0.01,1477,,,
5.269,-20.32,242.8,1,0.01,1398,,,
5.291,-19.61,230.5,1,0.01,1215,,,
5.312,-17.10,217.6,1,0.01,1098,,,
5.333,-14.83,215.1,1,0.01,1167,,,
5.355,-14.54,212.6,1,0.01,1231,,,
5.376,-15.55,212.6,1,0.01,1269,,,
5.397,-15.63,213.8,1,0.02,1303,215.5,2586,5172
5.419,-15.84,216.3,1,0.09,1250,215.5,2586,5172
5.440,-15.95,216.3,1,0.21,1266,215.5,2586,5172
5.461,-15.07,216.3,1,0.28,1182,215.0,2580,5160
5.483,-14.56,216.3,1,0.37,1112,215.0,2580,5160
5.504,-14.54,216.3,1,0.43,1108,215.0,2580,5160
5.525,-14.44,216.3,1,0.37,1113,215.5,2586,5172
5.547,-14.17,216.3,1,0.37,1154,216.5,2598,5196
5.568,-13.73,216.3,1,0.37,1134,216.5,2598,5196
5.589,-12.93,217.6,1,0.32,1106,216.5,2598,5196
5.611,-12.92,217.6,1,0.24,1110,216.5,2598,5196
5.632,-13.32,218.8,1,0.24,1157,216.5,2598,5196
5.653,-13.97,220.1,1,0.18,1210,218.0,2616,5232
5.675,-15.19,220.1,1,0.13,1259,219.0,2628,5256
5.696,-15.23,221.4,1,0.11,1239,219.0,2628,5256
5.717,-15.41,221.4,1,0.09,1223,220.0,2640,5280
5.739,-16.00,221.4,1,0.09,1245,220.0,2640,5280
5.760,-15.84,221.4,1,0.13,1232,220.5,2646,5292
5.781,-15.70,221.4,1,0.13,1201,220.5,2646,5292
5.803,-16.21,221.4,1,0.09,1195,220.5,2646,5292
5.824,-17.39,222.6,1,0.07,1257,220.5,2646,5292
5.845,-18.26,222.6,1,0.03,1275,222.0,2664,5328
5.867,-18.54,,0,0.03,1331,222.0,2664,5328
5.888,-18.76,,0,0.02,1359,224.0,2688,5376
5.909,-18.43,,0,0.02,1379,224.0,2688,5376
5.931,-17.59,,0,0.02,1341,224.0,2688,5376
5.952,-16.68,,0,0.03,1280,225.0,2700,5400
5.973,-15.68,,0,0.04,1228,227.0,2724,5448
5.995,-14.92,,0,0.05,1213,227.5,2730,5460
6.016,-14.32,45.5,1,0.07,1218,227.5,2730,5460
6.037,-14.11,45.5,1,0.08,1263,227.5,2730,5460
6.059,-14.08,45.5,1,0.13,1257,227.5,2730,5460
6.080,-14.71,45.7,1,0.13,1205,227.5,2730,5460
6.101,-16.32,45.7,1,0.11,1225,228.5,2742,5484
6.123,-16.88,46.0,1,0.06,1289,228.5,2742,5484
6.144,-16.63,46.0,1,0.04,1294,228.5,2742,5484
6.165,-16.59,46.3,1,0.03,1262,229.5,2754,5508
6.187,-16.24,46.3,1,0.03,1248,231.5,2778,5556
6.208,-15.98,46.5,1,0.05,1239,231.5,2778,5556
6.229,-15.94,46.5,1,0.07,1275,233.0,2796,5592
6.251,-15.89,46.5,1,0.07,1271,233.0,2796,5592
6.272,-15.96,46.8,1,0.09,1262,233.5,2802,5604
6.293,-15.93,46.8,1,0.09,1238,233.5,2802,5604
6.315,-15.83,46.8,1,0.07,1228,233.5,2802,5604
6.336,-15.82,46.8,1,0.08,1299,234.0,2808,5616
6.357,-16.03,47.1,1,0.07,1333,234.0,2808,5616
6.379,-16.34,47.1,1,0.08,1340,234.5,2814,5628
6.400,-16.64,47.1,1,0.06,1335,235.5,2826,5652
6.421,-16.76,47.3,1,0.04,1295,235.5,2826,5652
6.443,-16.64,47.3,1,0.05,1260,236.0,2832,5664
6.464,-16.20,47.6,1,0.03,1249,236.5,2838,5676
6.485,-15.49,47.6,1,0.04,1203,237.0,2844,5688
6.507,-14.88,47.6,1,0.07,1168,239.0,2868,5736
6.528,-14.66,47.9,1,0.07,1208,239.0,2868,5736
6.549,-14.97,47.9,1,0.07,1228,239.0,2868,5736
6.571,-15.82,47.9,1,0.03,1232,239.0,2868,5736
6.592,-16.65,48.2,1,0.03,1287,239.5,2874,5748
6.613,-17.02,48.2,1,0.03,1311,241.0,2892,5784
6.635,-16.60,48.5,1,0.02,1326,241.0,2892,5784
6.656,-16.10,48.5,1,0.03,1337,241.5,2898,5796
6.677,-15.92,48.5,1,0.03,1317,242.5,2910,5820
6.699,-15.25,48.5,1,0.05,1279,242.5,2910,5820
6.720,-15.08,48.7,1,0.09,1277,242.5,2910,5820
6.741,-16.17,48.7,1,0.07,1292,242.5,2910,5820
6.763,-16.68,48.7,1,0.06,1265,242.5,2910,5820
6.784,-16.50,48.7,1,0.03,1260,243.0,2916,5832
6.805,-16.09,49.0,1,0.04,1270,243.5,2922,5844
6.827,-15.48,49.0,1,0.03,1284,243.5,2922,5844
6.848,-15.58,49.3,1,0.02,1298,243.5,2922,5844
6.869,-15.59,49.6,1,0.03,1263,246.5,2958,5916
6.891,-15.53,49.6,1,0.11,1255,247.0,2964,5928
6.912,-16.25,49.9,1,0.13,1277,249.0,2988,5976
6.933,-17.42,49.9,1,0.07,1262,249.0,2988,5976
6.955,-17.30,49.9,1,0.03,1248,249.0,2988,5976
6.976,-16.11,50.2,1,0.02,1261,249.0,2988,5976
6.997,-17.26,,0,0.01,1228,249.0,2988,5976
7.019,-22.28,,0,0.01,1249,249.0,2988,5976
7.040,-22.58,,0,0.01,1173,124.5,1494,2988
7.061,-18.84,,0,0.01,1037,,,
7.083,-18.31,,0,0.01,968,,,
7.104,-16.74,,0,0.01,1000,,,
7.125,-16.66,,0,0.01,1066,,,
7.147,-17.77,,0,0.01,1123,,,
7.168,-16.02,,0,0.01,1071,200.5,2406,4812
7.189,-16.18,,0,0.01,1022,200.5,2406,4812
7.211,-16.28,,0,0.01,1049,200.5,2406,4812
7.232,-16.29,201.8,1,0.02,1079,200.5,2406,4812
7.253,-16.80,200.7,1,0.05,1088,200.5,2406,4812
7.275,-16.30,201.8,1,0.15,1063,200.5,2406,4812
7.296,-15.93,200.7,1,0.21,1082,200.0,2400,4800
7.317,-15.66,200.7,1,0.18,1086,200.0,2400,4800
7.339,-15.53,200.7,1,0.24,1091,200.0,2400,4800
7.360,-15.17,200.7,1,0.24,1058,200.0,2400,4800
7.381,-15.10,200.7,1,0.18,1043,200.0,2400,4800
7.403,-15.48,201.8,1,0.18,1042,200.0,2400,4800
7.424,-15.93,203.0,1,0.18,1037,200.0,2400,4800
7.445,-15.94,203.0,1,0.18,1024,202.0,2424,4848
7.467,-15.82,203.0,1,0.18,1067,202.0,2424,4848
7.488,-16.04,203.0,1,0.18,1082,202.5,2430,4860
7.509,-16.71,203.0,1,0.13,1080,202.5,2430,4860
7.531,-17.38,204.2,1,0.11,1069,202.5,2430,4860
7.552,-17.46,204.2,1,0.09,1067,202.0,2424,4848
7.573,-17.00,204.2,1,0.09,1079,201.5,2418,4836
7.595,-16.55,203.0,1,0.13,1090,201.5,2418,4836
7.616,-16.11,201.8,1,0.18,1072,201.5,2418,4836
7.637,-16.50,201.8,1,0.21,1053,201.0,2412,4824
7.659,-18.42,200.7,1,0.21,1035,201.0,2412,4824
7.680,-20.89,201.8,1,0.05,1019,201.0,2412,4824
7.701,-23.62,201.8,1,0.01,1071,201.0,2412,4824
7.723,-24.28,199.5,1,0.01,1039,201.5,2418,4836
7.744,-24.72,197.2,1,0.01,1032,201.5,2418,4836
7.765,-26.86,197.2,1,0.01,1111,201.5,2418,4836
7.787,-26.69,198.3,1,0.01,1133,,,
7.808,-25.74,203.0,1,0.01,1108,,,
7.829,-23.14,204.2,1,0.01,1219,,,
7.851,-22.10,207.7,1,0.01,1353,,,
7.872,-22.17,206.5,1,0.01,1356,,,
7.893,-23.60,198.3,1,0.01,1313,,,
7.915,-22.90,196.1,1,0.01,1191,197.0,2364,4728
7.936,-23.54,196.1,1,0.01,1210,197.0,2364,4728
7.957,-24.97,193.8,1,0.01,1116,196.5,2358,4716
7.979,-24.85,189.4,1,0.01,1088,196.5,2358,4716
8.000,-26.20,,0,0.01,1414,196.5,2358,4716
8.021,-26.64,,0,0.01,1580,197.0,2364,4728
8.043,-31.90,,0,0.01,1397,,,
8.064,-27.81,,0,0.01,1185,115.0,1380,2760
8.085,-26.29,,0,0.01,1241,115.5,1386,2772
8.107,-28.80,,0,0.01,1251,115.5,1386,2772
8.128,-31.69,,0,0.01,1109,,,
8.149,-28.96,,0,0.01,1066,115.5,1386,2772
8.171,-27.51,,0,0.01,1089,77.0,924,1848
8.192,-29.99,,0,0.01,1077,115.5,1386,2772
8.213,-29.86,,0,0.01,1029,115.5,1386,2772
8.235,-30.16,,0,0.01,1049,,,
8.256,-33.98,,0,0.01,1140,,,
8.277,-32.83,,0,0.01,1157,,,
8.299,-35.19,,0,0.01,1271,,,
8.320,-35.25,,0,0.01,1435,,,
8.341,-34.90,,0,0.01,1265,,,
8.363,-37.60,,0,0.01,995,,,
8.384,-40.74,,0,0.01,989,,,
8.405,-45.98,,0,0.01,1061,,,
8.427,-47.97,,0,0.01,1115,,,
8.448,-58.60,,0,0.01,1143,,,
8.469,-71.94,,0,0.01,1379,,,
8.491,-106.37,,0,0.01,4063,,,
8.512,-117.67,,0,0.01,2954,,,
8.533,-180.00,,0,0.01,311,,,
8.555,-180.00,,0,0.00,0,,,
8.576,-180.00,,0,0.00,0,,,
8.597,-180.00,,0,0.00,0,,,
8.619,-180.00,,0,0.00,0,,,
8.640,-180.00,,0,0.00,0,,,
8.661,-180.00,,0,0.00,0,,,
8.683,-180.00,,0,0.00,0,,,
8.704,-180.00,,0,0.00,0,,,
8.725,-180.00,,0,0.00,0,,,
8.747,-180.00,,0,0.00,0,,,
