test,t_s,kmh,gang,drehzahl,strecke_m
beschleunigung,0.0,0.00,1,0,0.00
beschleunigung,0.1,1.88,1,90,0.03
beschleunigung,0.2,3.75,1,187,0.11
beschleunigung,0.3,5.62,1,284,0.24
beschleunigung,0.4,7.50,1,381,0.43
beschleunigung,0.5,9.37,1,479,0.66
beschleunigung,0.6,11.24,1,576,0.95
beschleunigung,0.7,13.11,1,673,1.29
beschleunigung,0.8,14.98,1,770,1.68
beschleunigung,0.9,16.85,1,867,2.13
beschleunigung,1.0,18.73,1,965,2.62
beschleunigung,1.1,20.60,1,1062,3.17
beschleunigung,1.2,22.47,1,1159,3.77
beschleunigung,1.3,24.34,1,1256,4.42
beschleunigung,1.4,26.21,1,1353,5.13
beschleunigung,1.5,28.08,1,1450,5.88
beschleunigung,1.6,29.95,1,1548,6.69
beschleunigung,1.7,31.81,1,1645,7.55
beschleunigung,1.8,33.68,1,1742,8.46
beschleunigung,1.9,35.55,1,1839,9.43
beschleunigung,2.0,37.42,1,1936,10.44
beschleunigung,2.1,39.28,1,2033,11.51
beschleunigung,2.2,41.15,1,2129,12.63
beschleunigung,2.3,43.01,1,2226,13.80
beschleunigung,2.4,44.88,1,2323,15.02
beschleunigung,2.5,46.74,1,2420,16.30
beschleunigung,2.6,48.60,1,2517,17.63
beschleunigung,2.7,50.47,1,2614,19.00
beschleunigung,2.8,52.33,1,2710,20.43
beschleunigung,2.9,54.19,1,2807,21.91
beschleunigung,3.0,56.05,1,2903,23.45
beschleunigung,3.1,57.91,1,3000,25.03
beschleunigung,3.2,59.76,1,3097,26.67
beschleunigung,3.3,61.62,1,3193,28.36
beschleunigung,3.4,63.48,1,3289,30.10
beschleunigung,3.5,65.33,1,3386,31.89
beschleunigung,3.6,67.18,1,3482,33.73
beschleunigung,3.7,69.04,1,3578,35.62
beschleunigung,3.8,70.89,1,3675,37.57
beschleunigung,3.9,72.74,1,3771,39.57
beschleunigung,4.0,74.59,1,3867,41.62
beschleunigung,4.1,76.44,1,3963,43.72
beschleunigung,4.2,78.27,1,4058,45.87
beschleunigung,4.3,80.07,1,4152,48.07
beschleunigung,4.4,81.82,1,4243,50.32
beschleunigung,4.5,83.54,1,4332,52.62
beschleunigung,4.6,85.21,1,4419,54.96
beschleunigung,4.7,86.85,1,4505,57.35
beschleunigung,4.8,88.46,1,4589,59.79
beschleunigung,4.9,90.04,1,4671,62.27
beschleunigung,5.0,91.59,1,4751,64.80
beschleunigung,5.1,93.11,1,4830,67.36
beschleunigung,5.2,94.60,1,4908,69.97
beschleunigung,5.3,96.07,1,4984,72.62
beschleunigung,5.4,97.51,1,5059,75.31
beschleunigung,5.5,98.93,1,5133,78.04
beschleunigung,5.6,100.33,1,5206,80.81
beschleunigung,5.7,101.70,1,5277,83.62
beschleunigung,5.8,103.06,1,5348,86.47
beschleunigung,5.9,104.39,1,5417,89.35
beschleunigung,6.0,105.71,1,5486,92.27
beschleunigung,6.1,107.01,1,5553,95.22
beschleunigung,6.2,108.29,1,5620,98.22
beschleunigung,6.3,109.55,1,5685,101.24
beschleunigung,6.4,110.79,1,5750,104.30
beschleunigung,6.5,112.02,1,5814,107.40
beschleunigung,6.6,113.24,1,5877,110.53
beschleunigung,6.7,114.44,1,5940,113.69
beschleunigung,6.8,115.62,1,6001,116.89
beschleunigung,6.9,116.79,1,6062,120.12
beschleunigung,7.0,117.95,1,6122,123.38
beschleunigung,7.1,119.09,1,6182,126.68
beschleunigung,7.2,120.22,1,6241,130.00
beschleunigung,7.3,121.34,1,6299,133.36
beschleunigung,7.4,122.45,1,6356,136.74
beschleunigung,7.5,123.54,1,6413,140.16
beschleunigung,7.6,124.62,1,6469,143.61
beschleunigung,7.7,125.69,1,6525,147.09
beschleunigung,7.8,126.75,1,6580,150.60
beschleunigung,7.9,127.80,1,6635,154.13
beschleunigung,8.0,128.84,1,6689,157.70
beschleunigung,8.1,129.87,1,6742,161.29
beschleunigung,8.2,130.89,1,6795,164.92
beschleunigung,8.3,131.89,1,6847,168.57
beschleunigung,8.4,132.89,1,6899,172.25
beschleunigung,8.5,133.88,1,6951,175.95
beschleunigung,8.6,134.86,1,7002,179.69
beschleunigung,8.7,135.83,1,7052,183.45
beschleunigung,8.8,136.79,1,7102,187.23
beschleunigung,8.9,137.75,1,7152,191.05
beschleunigung,9.0,138.69,1,7201,194.89
beschleunigung,9.1,139.63,1,7249,198.75
beschleunigung,9.2,140.56,1,7298,202.65
beschleunigung,9.3,141.48,1,7346,206.57
beschleunigung,9.4,142.39,1,7393,210.51
beschleunigung,9.5,143.30,1,7440,214.48
beschleunigung,9.6,144.19,1,7487,218.47
beschleunigung,9.7,145.08,1,7533,222.49
beschleunigung,9.8,145.96,1,7579,226.53
beschleunigung,9.9,146.84,1,7624,230.60
beschleunigung,10.0,147.71,1,7669,234.69
beschleunigung,10.1,148.57,1,7714,238.81
beschleunigung,10.2,149.42,1,7759,242.95
beschleunigung,10.3,150.27,1,7803,247.11
beschleunigung,10.4,151.11,1,7846,251.30
beschleunigung,10.5,151.95,1,7890,255.51
beschleunigung,10.6,152.78,1,7933,259.74
beschleunigung,10.7,153.60,1,7976,264.00
beschleunigung,10.8,154.42,1,8018,268.28
beschleunigung,10.9,155.22,1,8060,272.58
beschleunigung,11.0,156.03,1,8102,276.90
beschleunigung,11.1,156.83,1,8143,281.25
beschleunigung,11.2,157.62,1,8185,285.62
beschleunigung,11.3,158.41,1,8225,290.01
beschleunigung,11.4,159.19,1,8266,294.42
beschleunigung,11.5,159.96,1,8306,298.85
beschleunigung,11.6,160.73,1,8346,303.31
beschleunigung,11.7,161.50,1,8386,307.79
beschleunigung,11.8,162.25,1,8426,312.28
beschleunigung,11.9,163.01,1,8465,316.80
beschleunigung,12.0,163.76,1,8504,321.34
beschleunigung,12.1,164.50,1,8542,325.90
beschleunigung,12.2,165.24,1,8581,330.48
beschleunigung,12.3,165.97,1,8619,335.08
beschleunigung,12.4,166.70,1,8657,339.70
beschleunigung,12.5,167.42,1,8694,344.34
beschleunigung,12.6,168.14,1,8731,349.01
beschleunigung,12.7,168.85,1,8769,353.69
beschleunigung,12.8,169.56,1,8805,358.39
beschleunigung,12.9,170.27,1,8842,363.11
beschleunigung,13.0,170.97,1,8878,367.85
beschleunigung,13.1,171.66,1,8915,372.61
beschleunigung,13.2,172.35,1,8951,377.39
beschleunigung,13.3,173.04,1,8986,382.19
beschleunigung,13.4,173.72,1,9022,387.00
beschleunigung,13.5,174.40,1,9057,391.84
beschleunigung,13.6,175.07,1,9092,396.69
beschleunigung,13.7,175.74,1,9127,401.57
beschleunigung,13.8,176.41,1,9161,406.46
beschleunigung,13.9,177.07,1,9196,411.37
beschleunigung,14.0,177.73,1,9230,416.30
beschleunigung,14.1,178.38,1,9264,421.24
beschleunigung,14.2,179.03,1,9297,426.21
beschleunigung,14.3,179.67,1,9331,431.19
beschleunigung,14.4,180.31,1,9364,436.19
beschleunigung,14.5,180.95,1,9397,441.21
beschleunigung,14.6,181.58,1,9430,446.25
beschleunigung,14.7,182.21,1,9463,451.30
beschleunigung,14.8,182.84,1,9495,456.37
beschleunigung,14.9,183.46,1,9528,461.46
beschleunigung,15.0,184.08,1,9560,466.56
beschleunigung,15.1,184.69,1,9592,471.69
beschleunigung,15.2,185.31,1,9624,476.83
beschleunigung,15.3,185.91,1,9655,481.98
beschleunigung,15.4,186.52,1,9687,487.16
beschleunigung,15.5,187.12,1,9718,492.35
beschleunigung,15.6,187.71,1,9749,497.55
beschleunigung,15.7,188.31,1,9780,502.78
beschleunigung,15.8,188.90,1,9810,508.02
beschleunigung,15.9,189.48,1,9841,513.27
beschleunigung,16.0,190.07,1,9871,518.54
beschleunigung,16.1,190.65,1,9901,523.83
beschleunigung,16.2,191.23,1,9931,529.14
beschleunigung,16.3,191.80,1,9961,534.46
beschleunigung,16.4,192.37,1,9991,539.79
beschleunigung,16.5,192.94,1,10020,545.15
beschleunigung,16.6,193.50,1,10050,550.51
beschleunigung,16.7,194.06,1,10079,555.90
beschleunigung,16.8,194.62,1,10108,561.30
beschleunigung,16.9,195.17,1,10136,566.71
beschleunigung,17.0,195.72,1,10165,572.14
beschleunigung,17.1,196.27,1,10194,577.59
beschleunigung,17.2,196.82,1,10222,583.05
beschleunigung,17.3,197.36,1,10250,588.52
beschleunigung,17.4,197.90,1,10278,594.01
beschleunigung,17.5,198.44,1,10306,599.52
beschleunigung,17.6,198.97,1,10334,605.04
beschleunigung,17.7,199.50,1,10361,610.57
vmax,0.0,0.00,1,0,0.00
vmax,0.1,1.88,1,90,0.03
vmax,0.2,3.75,1,187,0.11
vmax,0.3,5.62,1,284,0.24
vmax,0.4,7.50,1,381,0.43
vmax,0.5,9.37,1,479,0.66
vmax,0.6,11.24,1,576,0.95
vmax,0.7,13.11,1,673,1.29
vmax,0.8,14.98,1,770,1.68
vmax,0.9,16.85,1,867,2.13
vmax,1.0,18.73,1,965,2.62
vmax,1.1,20.60,1,1062,3.17
vmax,1.2,22.47,1,1159,3.77
vmax,1.3,24.34,1,1256,4.42
vmax,1.4,26.21,1,1353,5.13
vmax,1.5,28.08,1,1450,5.88
vmax,1.6,29.95,1,1548,6.69
vmax,1.7,31.81,1,1645,7.55
vmax,1.8,33.68,1,1742,8.46
vmax,1.9,35.55,1,1839,9.43
vmax,2.0,37.42,1,1936,10.44
vmax,2.1,39.28,1,2033,11.51
vmax,2.2,41.15,1,2129,12.63
vmax,2.3,43.01,1,2226,13.80
vmax,2.4,44.88,1,2323,15.02
vmax,2.5,46.74,1,2420,16.30
vmax,2.6,48.60,1,2517,17.63
vmax,2.7,50.47,1,2614,19.00
vmax,2.8,52.33,1,2710,20.43
vmax,2.9,54.19,1,2807,21.91
vmax,3.0,56.05,1,2903,23.45
vmax,3.1,57.91,1,3000,25.03
vmax,3.2,59.76,1,3097,26.67
vmax,3.3,61.62,1,3193,28.36
vmax,3.4,63.48,1,3289,30.10
vmax,3.5,65.33,1,3386,31.89
vmax,3.6,67.18,1,3482,33.73
vmax,3.7,69.04,1,3578,35.62
vmax,3.8,70.89,1,3675,37.57
vmax,3.9,72.74,1,3771,39.57
vmax,4.0,74.59,1,3867,41.62
vmax,4.1,76.44,1,3963,43.72
vmax,4.2,78.27,1,4058,45.87
vmax,4.3,80.07,1,4152,48.07
vmax,4.4,81.82,1,4243,50.32
vmax,4.5,83.54,1,4332,52.62
vmax,4.6,85.21,1,4419,54.96
vmax,4.7,86.85,1,4505,57.35
vmax,4.8,88.46,1,4589,59.79
vmax,4.9,90.04,1,4671,62.27
vmax,5.0,91.59,1,4751,64.80
vmax,5.1,93.11,1,4830,67.36
vmax,5.2,94.60,1,4908,69.97
vmax,5.3,96.07,1,4984,72.62
vmax,5.4,97.51,1,5059,75.31
vmax,5.5,98.93,1,5133,78.04
vmax,5.6,100.33,1,5206,80.81
vmax,5.7,101.70,1,5277,83.62
vmax,5.8,103.06,1,5348,86.47
vmax,5.9,104.39,1,5417,89.35
vmax,6.0,105.71,1,5486,92.27
vmax,6.1,107.01,1,5553,95.22
vmax,6.2,108.29,1,5620,98.22
vmax,6.3,109.55,1,5685,101.24
vmax,6.4,110.79,1,5750,104.30
vmax,6.5,112.02,1,5814,107.40
vmax,6.6,113.24,1,5877,110.53
vmax,6.7,114.44,1,5940,113.69
vmax,6.8,115.62,1,6001,116.89
vmax,6.9,116.79,1,6062,120.12
vmax,7.0,117.95,1,6122,123.38
vmax,7.1,119.09,1,6182,126.68
vmax,7.2,120.22,1,6241,130.00
vmax,7.3,121.34,1,6299,133.36
vmax,7.4,122.45,1,6356,136.74
vmax,7.5,123.54,1,6413,140.16
vmax,7.6,124.62,1,6469,143.61
vmax,7.7,125.69,1,6525,147.09
vmax,7.8,126.75,1,6580,150.60
vmax,7.9,127.80,1,6635,154.13
vmax,8.0,128.84,1,6689,157.70
vmax,8.1,129.87,1,6742,161.29
vmax,8.2,130.89,1,6795,164.92
vmax,8.3,131.89,1,6847,168.57
vmax,8.4,132.89,1,6899,172.25
vmax,8.5,133.88,1,6951,175.95
vmax,8.6,134.86,1,7002,179.69
vmax,8.7,135.83,1,7052,183.45
vmax,8.8,136.79,1,7102,187.23
vmax,8.9,137.75,1,7152,191.05
vmax,9.0,138.69,1,7201,194.89
vmax,9.1,139.63,1,7249,198.75
vmax,9.2,140.56,1,7298,202.65
vmax,9.3,141.48,1,7346,206.57
vmax,9.4,142.39,1,7393,210.51
vmax,9.5,143.30,1,7440,214.48
vmax,9.6,144.19,1,7487,218.47
vmax,9.7,145.08,1,7533,222.49
vmax,9.8,145.96,1,7579,226.53
vmax,9.9,146.84,1,7624,230.60
vmax,10.0,147.71,1,7669,234.69
vmax,10.1,148.57,1,7714,238.81
vmax,10.2,149.42,1,7759,242.95
vmax,10.3,150.27,1,7803,247.11
vmax,10.4,151.11,1,7846,251.30
vmax,10.5,151.95,1,7890,255.51
vmax,10.6,152.78,1,7933,259.74
vmax,10.7,153.60,1,7976,264.00
vmax,10.8,154.42,1,8018,268.28
vmax,10.9,155.22,1,8060,272.58
vmax,11.0,156.03,1,8102,276.90
vmax,11.1,156.83,1,8143,281.25
vmax,11.2,157.62,1,8185,285.62
vmax,11.3,158.41,1,8225,290.01
vmax,11.4,159.19,1,8266,294.42
vmax,11.5,159.96,1,8306,298.85
vmax,11.6,160.73,1,8346,303.31
vmax,11.7,161.50,1,8386,307.79
vmax,11.8,162.25,1,8426,312.28
vmax,11.9,163.01,1,8465,316.80
vmax,12.0,163.76,1,8504,321.34
vmax,12.1,164.50,1,8542,325.90
vmax,12.2,165.24,1,8581,330.48
vmax,12.3,165.97,1,8619,335.08
vmax,12.4,166.70,1,8657,339.70
vmax,12.5,167.42,1,8694,344.34
vmax,12.6,168.14,1,8731,349.01
vmax,12.7,168.85,1,8769,353.69
vmax,12.8,169.56,1,8805,358.39
vmax,12.9,170.27,1,8842,363.11
vmax,13.0,170.97,1,8878,367.85
vmax,13.1,171.66,1,8915,372.61
vmax,13.2,172.35,1,8951,377.39
vmax,13.3,173.04,1,8986,382.19
vmax,13.4,173.72,1,9022,387.00
vmax,13.5,174.40,1,9057,391.84
vmax,13.6,175.07,1,9092,396.69
vmax,13.7,175.74,1,9127,401.57
vmax,13.8,176.41,1,9161,406.46
vmax,13.9,177.07,1,9196,411.37
vmax,14.0,177.73,1,9230,416.30
vmax,14.1,178.38,1,9264,421.24
vmax,14.2,179.03,1,9297,426.21
vmax,14.3,179.67,1,9331,431.19
vmax,14.4,180.31,1,9364,436.19
vmax,14.5,180.95,1,9397,441.21
vmax,14.6,181.58,1,9430,446.25
vmax,14.7,182.21,1,9463,451.30
vmax,14.8,182.84,1,9495,456.37
vmax,14.9,183.46,1,9528,461.46
vmax,15.0,184.08,1,9560,466.56
vmax,15.1,184.69,1,9592,471.69
vmax,15.2,185.31,1,9624,476.83
vmax,15.3,185.91,1,9655,481.98
vmax,15.4,186.52,1,9687,487.16
vmax,15.5,187.12,1,9718,492.35
vmax,15.6,187.71,1,9749,497.55
vmax,15.7,188.31,1,9780,502.78
vmax,15.8,188.90,1,9810,508.02
vmax,15.9,189.48,1,9841,513.27
vmax,16.0,190.07,1,9871,518.54
vmax,16.1,190.65,1,9901,523.83
vmax,16.2,191.23,1,9931,529.14
vmax,16.3,191.80,1,9961,534.46
vmax,16.4,192.37,1,9991,539.79
vmax,16.5,192.94,1,10020,545.15
vmax,16.6,193.50,1,10050,550.51
vmax,16.7,194.06,1,10079,555.90
vmax,16.8,194.62,1,10108,561.30
vmax,16.9,195.17,1,10136,566.71
vmax,17.0,195.72,1,10165,572.14
vmax,17.1,196.27,1,10194,577.59
vmax,17.2,196.82,1,10222,583.05
vmax,17.3,197.36,1,10250,588.52
vmax,17.4,197.90,1,10278,594.01
vmax,17.5,198.44,1,10306,599.52
vmax,17.6,198.97,1,10334,605.04
vmax,17.7,199.50,1,10361,610.57
vmax,17.8,200.03,1,10389,616.12
vmax,17.9,200.56,1,10416,621.69
vmax,18.0,201.08,1,10443,627.26
vmax,18.1,201.60,1,10470,632.86
vmax,18.2,202.11,1,10497,638.47
vmax,18.3,202.63,1,10524,644.09
vmax,18.4,203.14,1,10551,649.72
vmax,18.5,203.65,1,10577,655.37
vmax,18.6,204.15,1,10603,661.04
vmax,18.7,204.66,1,10629,666.72
vmax,18.8,205.16,1,10655,672.41
vmax,18.9,205.66,1,10681,678.12
vmax,19.0,206.15,1,10707,683.84
vmax,19.1,206.65,1,10733,689.57
vmax,19.2,207.14,1,10758,695.32
vmax,19.3,207.62,1,10784,701.08
vmax,19.4,208.11,1,10809,706.85
vmax,19.5,208.59,1,10834,712.64
vmax,19.6,209.07,1,10859,718.44
vmax,19.7,209.55,1,10884,724.26
vmax,19.8,210.02,1,10908,730.09
vmax,19.9,210.50,1,10933,735.93
vmax,20.0,210.97,1,10957,741.78
vmax,20.1,211.44,1,10982,747.65
vmax,20.2,211.90,1,11006,753.53
vmax,20.3,212.37,1,11030,759.42
vmax,20.4,212.83,1,11054,765.33
vmax,20.5,213.29,1,11078,771.25
vmax,20.6,213.74,1,11101,777.18
vmax,20.7,214.20,1,11125,783.12
vmax,20.8,214.65,1,11149,789.08
vmax,20.9,215.10,1,11172,795.05
vmax,21.0,215.54,1,11195,801.03
vmax,21.1,215.99,1,11218,807.02
vmax,21.2,216.43,1,11242,813.03
vmax,21.3,216.87,1,11265,819.05
vmax,21.4,217.31,1,11288,825.08
vmax,21.5,217.75,1,11311,831.12
vmax,21.6,218.18,1,11333,837.18
vmax,21.7,218.55,1,11353,843.24
vmax,21.8,218.80,1,11366,849.32
vmax,21.9,218.97,1,11375,855.40
vmax,22.0,219.09,1,11381,861.48
vmax,22.1,219.17,1,11385,867.57
vmax,22.2,219.23,1,11388,873.66
vmax,22.3,219.26,1,11390,879.75
vmax,22.4,219.29,1,11392,885.84
vmax,22.5,219.31,1,11393,891.93
vmax,22.6,219.32,1,11393,898.02
vmax,22.7,219.33,1,11394,904.12
vmax,22.8,219.33,1,11394,910.21
vmax,22.9,219.34,1,11394,916.30
vmax,23.0,219.34,1,11394,922.39
vmax,23.1,219.34,1,11394,928.49
vmax,23.2,219.34,1,11394,934.58
vmax,23.3,219.34,1,11394,940.67
vmax,23.4,219.34,1,11395,946.77
vmax,23.5,219.35,1,11395,952.86
vmax,23.6,219.35,1,11395,958.95
vmax,23.7,219.35,1,11395,965.04
vmax,23.8,219.35,1,11395,971.14
vmax,23.9,219.35,1,11395,977.23
vmax,24.0,219.35,1,11395,983.32
vmax,24.1,219.35,1,11395,989.42
vmax,24.2,219.35,1,11395,995.51
vmax,24.3,219.35,1,11395,1001.60
vmax,24.4,219.35,1,11395,1007.69
vmax,24.5,219.35,1,11395,1013.79
vmax,24.6,219.35,1,11395,1019.88
vmax,24.7,219.35,1,11395,1025.97
vmax,24.8,219.35,1,11395,1032.07
vmax,24.9,219.35,1,11395,1038.16
vmax,25.0,219.35,1,11395,1044.25
vmax,25.1,219.35,1,11395,1050.35
vmax,25.2,219.35,1,11395,1056.44
vmax,25.3,219.35,1,11395,1062.53
vmax,25.4,219.35,1,11395,1068.62
vmax,25.5,219.35,1,11395,1074.72
vmax,25.6,219.35,1,11395,1080.81
vmax,25.7,219.35,1,11395,1086.90
vmax,25.8,219.35,1,11395,1093.00
vmax,25.9,219.35,1,11395,1099.09
vmax,26.0,219.35,1,11395,1105.18
vmax,26.1,219.35,1,11395,1111.27
vmax,26.2,219.35,1,11395,1117.37
vmax,26.3,219.35,1,11395,1123.46
vmax,26.4,219.35,1,11395,1129.55
vmax,26.5,219.35,1,11395,1135.65
vmax,26.6,219.35,1,11395,1141.74
vmax,26.7,219.35,1,11395,1147.83
vmax,26.8,219.35,1,11395,1153.93
vmax,26.9,219.35,1,11395,1160.02
vmax,27.0,219.35,1,11395,1166.11
vmax,27.1,219.35,1,11395,1172.20
bremsen_100,0.0,100.00,1,0,0.00
bremsen_100,0.1,97.24,1,5069,2.74
bremsen_100,0.2,93.41,1,4869,5.39
bremsen_100,0.3,89.60,1,4671,7.92
bremsen_100,0.4,85.79,1,4473,10.36
bremsen_100,0.5,81.99,1,4276,12.68
bremsen_100,0.6,78.19,1,4078,14.90
bremsen_100,0.7,74.40,1,3881,17.02
bremsen_100,0.8,70.61,1,3685,19.03
bremsen_100,0.9,66.83,1,3488,20.93
bremsen_100,1.0,63.04,1,3291,22.73
bremsen_100,1.1,59.26,1,3095,24.43
bremsen_100,1.2,55.48,1,2899,26.01
bremsen_100,1.3,51.71,1,2702,27.50
bremsen_100,1.4,47.93,1,2506,28.88
bremsen_100,1.5,44.16,1,2310,30.15
bremsen_100,1.6,40.38,1,2114,31.32
bremsen_100,1.7,36.61,1,1918,32.39
bremsen_100,1.8,32.84,1,1722,33.35
bremsen_100,1.9,29.08,1,1527,34.20
bremsen_100,2.0,25.31,1,1331,34.95
bremsen_100,2.1,21.54,1,1135,35.60
bremsen_100,2.2,17.77,1,940,36.14
bremsen_100,2.3,14.01,1,744,36.58
bremsen_100,2.4,10.24,1,548,36.91
bremsen_100,2.5,6.48,1,353,37.14
bremsen_100,2.6,2.72,1,157,37.26
bremsen_100,2.7,0.00,1,11,37.29
kreisfahrt,0.0,18.00,1,0,0.00
kreisfahrt,0.1,17.58,1,913,0.49
kreisfahrt,0.2,17.64,1,916,0.98
kreisfahrt,0.3,17.70,1,919,1.47
kreisfahrt,0.4,17.76,1,922,1.97
kreisfahrt,0.5,17.82,1,925,2.46
kreisfahrt,0.6,17.88,1,929,2.96
kreisfahrt,0.7,17.94,1,932,3.45
kreisfahrt,0.8,18.00,1,935,3.95
kreisfahrt,0.9,18.05,1,938,4.46
kreisfahrt,1.0,18.11,1,941,4.96
kreisfahrt,1.1,18.17,1,944,5.46
kreisfahrt,1.2,18.22,1,946,5.97
kreisfahrt,1.3,18.28,1,949,6.47
kreisfahrt,1.4,18.34,1,952,6.98
kreisfahrt,1.5,18.39,1,955,7.49
kreisfahrt,1.6,18.45,1,958,8.01
kreisfahrt,1.7,18.47,1,959,8.52
kreisfahrt,1.8,18.53,1,962,9.03
kreisfahrt,1.9,18.59,1,965,9.55
kreisfahrt,2.0,18.64,1,968,10.07
kreisfahrt,2.1,18.70,1,971,10.59
kreisfahrt,2.2,18.75,1,974,11.11
kreisfahrt,2.3,18.81,1,977,11.63
kreisfahrt,2.4,18.83,1,978,12.15
kreisfahrt,2.5,18.89,1,981,12.67
kreisfahrt,2.6,18.95,1,984,13.20
kreisfahrt,2.7,19.00,1,987,13.73
kreisfahrt,2.8,19.06,1,990,14.26
kreisfahrt,2.9,19.08,1,991,14.79
kreisfahrt,3.0,19.14,1,994,15.32
kreisfahrt,3.1,19.20,1,997,15.85
kreisfahrt,3.2,19.25,1,1000,16.38
kreisfahrt,3.3,19.28,1,1001,16.92
kreisfahrt,3.4,19.33,1,1004,17.46
kreisfahrt,3.5,19.39,1,1007,17.99
kreisfahrt,3.6,19.45,1,1010,18.53
kreisfahrt,3.7,19.47,1,1011,19.08
kreisfahrt,3.8,19.53,1,1014,19.62
kreisfahrt,3.9,19.58,1,1017,20.16
kreisfahrt,4.0,19.64,1,1020,20.71
kreisfahrt,4.1,19.66,1,1021,21.25
kreisfahrt,4.2,19.72,1,1024,21.80
kreisfahrt,4.3,19.77,1,1027,22.35
kreisfahrt,4.4,19.80,1,1028,22.90
kreisfahrt,4.5,19.85,1,1031,23.45
kreisfahrt,4.6,19.91,1,1034,24.00
kreisfahrt,4.7,19.93,1,1037,24.56
kreisfahrt,4.8,19.99,1,1038,25.11
kreisfahrt,4.9,20.05,1,1041,25.67
kreisfahrt,5.0,20.10,1,1044,26.22
kreisfahrt,5.1,20.12,1,1045,26.78
kreisfahrt,5.2,20.18,1,1048,27.34
kreisfahrt,5.3,20.24,1,1051,27.91
kreisfahrt,5.4,20.26,1,1052,28.47
kreisfahrt,5.5,20.32,1,1055,29.03
kreisfahrt,5.6,20.37,1,1058,29.60
kreisfahrt,5.7,20.39,1,1059,30.16
kreisfahrt,5.8,20.45,1,1062,30.73
kreisfahrt,5.9,20.51,1,1065,31.30
kreisfahrt,6.0,20.53,1,1066,31.87
kreisfahrt,6.1,20.59,1,1069,32.44
kreisfahrt,6.2,20.64,1,1072,33.02
kreisfahrt,6.3,20.66,1,1073,33.59
kreisfahrt,6.4,20.72,1,1076,34.16
kreisfahrt,6.5,20.78,1,1079,34.74
kreisfahrt,6.6,20.80,1,1080,35.32
kreisfahrt,6.7,20.86,1,1083,35.90
kreisfahrt,6.8,20.91,1,1086,36.48
kreisfahrt,6.9,20.93,1,1087,37.06
kreisfahrt,7.0,20.99,1,1090,37.64
kreisfahrt,7.1,21.05,1,1093,38.23
kreisfahrt,7.2,21.07,1,1094,38.81
kreisfahrt,7.3,21.12,1,1097,39.40
kreisfahrt,7.4,21.18,1,1100,39.99
kreisfahrt,7.5,21.20,1,1101,40.57
kreisfahrt,7.6,21.26,1,1104,41.16
kreisfahrt,7.7,21.31,1,1107,41.76
kreisfahrt,7.8,21.34,1,1108,42.35
kreisfahrt,7.9,21.39,1,1111,42.94
kreisfahrt,8.0,21.45,1,1114,43.54
kreisfahrt,8.1,21.47,1,1115,44.13
kreisfahrt,8.2,21.53,1,1118,44.73
kreisfahrt,8.3,21.58,1,1121,45.33
kreisfahrt,8.4,21.60,1,1122,45.93
kreisfahrt,8.5,21.66,1,1125,46.53
kreisfahrt,8.6,21.68,1,1128,47.13
kreisfahrt,8.7,21.74,1,1129,47.74
kreisfahrt,8.8,21.79,1,1132,48.34
kreisfahrt,8.9,21.81,1,1133,48.95
kreisfahrt,9.0,21.87,1,1136,49.56
kreisfahrt,9.1,21.93,1,1139,50.16
kreisfahrt,9.2,21.95,1,1140,50.77
kreisfahrt,9.3,22.00,1,1143,51.39
kreisfahrt,9.4,22.06,1,1146,52.00
kreisfahrt,9.5,22.08,1,1147,52.61
kreisfahrt,9.6,22.14,1,1150,53.23
kreisfahrt,9.7,22.19,1,1153,53.84
kreisfahrt,9.8,22.21,1,1154,54.46
kreisfahrt,9.9,22.27,1,1157,55.08
kreisfahrt,10.0,22.32,1,1159,55.70
kreisfahrt,10.1,22.34,1,1160,56.32
kreisfahrt,10.2,22.40,1,1163,56.94
kreisfahrt,10.3,22.45,1,1166,57.56
kreisfahrt,10.4,22.47,1,1167,58.19
kreisfahrt,10.5,22.53,1,1170,58.81
kreisfahrt,10.6,22.58,1,1173,59.44
kreisfahrt,10.7,22.60,1,1174,60.07
kreisfahrt,10.8,22.66,1,1177,60.69
kreisfahrt,10.9,22.71,1,1180,61.33
kreisfahrt,11.0,22.73,1,1181,61.96
kreisfahrt,11.1,22.79,1,1184,62.59
kreisfahrt,11.2,22.84,1,1186,63.22
kreisfahrt,11.3,22.86,1,1187,63.86
kreisfahrt,11.4,22.91,1,1190,64.50
kreisfahrt,11.5,22.97,1,1193,65.13
kreisfahrt,11.6,23.02,1,1196,65.77
kreisfahrt,11.7,23.04,1,1197,66.41
kreisfahrt,11.8,23.09,1,1199,67.05
kreisfahrt,11.9,23.15,1,1202,67.70
kreisfahrt,12.0,23.16,1,1203,68.34
kreisfahrt,12.1,23.22,1,1206,68.98
kreisfahrt,12.2,23.27,1,1209,69.63
kreisfahrt,12.3,23.32,1,1211,70.28
kreisfahrt,12.4,23.34,1,1212,70.93
kreisfahrt,12.5,23.40,1,1215,71.58
kreisfahrt,12.6,23.45,1,1218,72.23
kreisfahrt,12.7,23.50,1,1220,72.88
kreisfahrt,12.8,23.52,1,1221,73.53
kreisfahrt,12.9,23.57,1,1224,74.19
kreisfahrt,13.0,23.62,1,1227,74.84
kreisfahrt,13.1,23.67,1,1229,75.50
kreisfahrt,13.2,23.69,1,1230,76.16
kreisfahrt,13.3,23.75,1,1233,76.82
kreisfahrt,13.4,23.80,1,1236,77.48
kreisfahrt,13.5,23.84,1,1238,78.14
kreisfahrt,13.6,23.86,1,1239,78.80
kreisfahrt,13.7,23.92,1,1242,79.47
kreisfahrt,13.8,23.97,1,1245,80.13
kreisfahrt,13.9,24.02,1,1247,80.80
kreisfahrt,14.0,24.03,1,1248,81.46
kreisfahrt,14.1,24.09,1,1251,82.13
kreisfahrt,14.2,24.14,1,1254,82.80
kreisfahrt,14.3,24.19,1,1256,83.48
kreisfahrt,14.4,24.20,1,1257,84.15
kreisfahrt,14.5,24.26,1,1260,84.82
kreisfahrt,14.6,24.31,1,1263,85.50
kreisfahrt,14.7,24.36,1,1265,86.17
kreisfahrt,14.8,24.40,1,1268,86.85
kreisfahrt,14.9,24.42,1,1268,87.53
kreisfahrt,15.0,24.48,1,1271,88.21
kreisfahrt,15.1,24.53,1,1274,88.89
kreisfahrt,15.2,24.58,1,1276,89.57
kreisfahrt,15.3,24.62,1,1279,90.26
kreisfahrt,15.4,24.64,1,1280,90.94
kreisfahrt,15.5,24.70,1,1283,91.62
kreisfahrt,15.6,24.75,1,1285,92.31
kreisfahrt,15.7,24.79,1,1288,93.00
kreisfahrt,15.8,24.80,1,1290,93.69
kreisfahrt,15.9,24.86,1,1291,94.38
kreisfahrt,16.0,24.91,1,1294,95.07
kreisfahrt,16.1,24.96,1,1297,95.76
kreisfahrt,16.2,25.01,1,1299,96.46
kreisfahrt,16.3,25.02,1,1301,97.15
kreisfahrt,16.4,25.07,1,1302,97.85
kreisfahrt,16.5,25.13,1,1305,98.55
kreisfahrt,16.6,25.18,1,1308,99.25
kreisfahrt,16.7,25.22,1,1310,99.95
kreisfahrt,16.8,25.27,1,1312,100.65
kreisfahrt,16.9,25.29,1,1313,101.35
kreisfahrt,17.0,25.34,1,1316,102.06
kreisfahrt,17.1,25.39,1,1319,102.76
kreisfahrt,17.2,25.44,1,1321,103.47
kreisfahrt,17.3,25.48,1,1324,104.17
kreisfahrt,17.4,25.50,1,1325,104.88
kreisfahrt,17.5,25.56,1,1327,105.59
kreisfahrt,17.6,25.61,1,1330,106.30
kreisfahrt,17.7,25.66,1,1333,107.02
kreisfahrt,17.8,25.70,1,1335,107.73
kreisfahrt,17.9,25.71,1,1335,108.44
kreisfahrt,18.0,25.77,1,1338,109.16
kreisfahrt,18.1,25.82,1,1341,109.88
kreisfahrt,18.2,25.87,1,1344,110.59
kreisfahrt,18.3,25.92,1,1346,111.31
kreisfahrt,18.4,25.96,1,1348,112.03
kreisfahrt,18.5,25.97,1,1349,112.76
kreisfahrt,18.6,26.03,1,1352,113.48
kreisfahrt,18.7,26.08,1,1355,114.20
kreisfahrt,18.8,26.13,1,1357,114.93
kreisfahrt,18.9,26.17,1,1360,115.66
kreisfahrt,19.0,26.22,1,1362,116.38
kreisfahrt,19.1,26.24,1,1363,117.11
kreisfahrt,19.2,26.29,1,1365,117.84
kreisfahrt,19.3,26.34,1,1368,118.57
kreisfahrt,19.4,26.39,1,1371,119.31
kreisfahrt,19.5,26.43,1,1373,120.04
kreisfahrt,19.6,26.48,1,1375,120.78
kreisfahrt,19.7,26.49,1,1376,121.51
kreisfahrt,19.8,26.55,1,1379,122.25
kreisfahrt,19.9,26.60,1,1382,122.99
kreisfahrt,20.0,26.65,1,1384,123.73
kreisfahrt,20.1,26.69,1,1386,124.47
kreisfahrt,20.2,26.74,1,1389,125.21
kreisfahrt,20.3,26.75,1,1389,125.95
kreisfahrt,20.4,26.80,1,1392,126.70
kreisfahrt,20.5,26.86,1,1395,127.44
kreisfahrt,20.6,26.91,1,1397,128.19
kreisfahrt,20.7,26.95,1,1400,128.94
kreisfahrt,20.8,26.99,1,1402,129.69
kreisfahrt,20.9,27.04,1,1404,130.44
kreisfahrt,21.0,27.06,1,1405,131.19
kreisfahrt,21.1,27.11,1,1408,131.94
kreisfahrt,21.2,27.16,1,1411,132.70
kreisfahrt,21.3,27.21,1,1413,133.45
kreisfahrt,21.4,27.25,1,1416,134.21
kreisfahrt,21.5,27.30,1,1418,134.97
kreisfahrt,21.6,27.34,1,1420,135.73
kreisfahrt,21.7,27.36,1,1421,136.49
kreisfahrt,21.8,27.41,1,1424,137.25
kreisfahrt,21.9,27.46,1,1426,138.01
kreisfahrt,22.0,27.51,1,1429,138.77
kreisfahrt,22.1,27.56,1,1431,139.54
kreisfahrt,22.2,27.60,1,1434,140.31
kreisfahrt,22.3,27.64,1,1436,141.07
kreisfahrt,22.4,27.65,1,1436,141.84
kreisfahrt,22.5,27.71,1,1439,142.61
kreisfahrt,22.6,27.76,1,1442,143.38
kreisfahrt,22.7,27.81,1,1445,144.15
kreisfahrt,22.8,27.86,1,1447,144.93
kreisfahrt,22.9,27.90,1,1449,145.70
kreisfahrt,23.0,27.94,1,1451,146.48
kreisfahrt,23.1,27.99,1,1454,147.26
kreisfahrt,23.2,28.00,1,1454,148.03
kreisfahrt,23.3,28.05,1,1457,148.81
kreisfahrt,23.4,28.11,1,1460,149.59
kreisfahrt,23.5,28.16,1,1462,150.38
kreisfahrt,23.6,28.20,1,1465,151.16
kreisfahrt,23.7,28.25,1,1467,151.94
kreisfahrt,23.8,28.29,1,1469,152.73
kreisfahrt,23.9,28.33,1,1472,153.52
kreisfahrt,24.0,28.38,1,1474,154.30
kreisfahrt,24.1,28.39,1,1475,155.09
kreisfahrt,24.2,28.44,1,1477,155.88
kreisfahrt,24.3,28.50,1,1480,156.67
kreisfahrt,24.4,28.54,1,1483,157.47
kreisfahrt,24.5,28.59,1,1485,158.26
kreisfahrt,24.6,28.63,1,1487,159.05
kreisfahrt,24.7,28.68,1,1490,159.85
kreisfahrt,24.8,28.72,1,1492,160.65
kreisfahrt,24.9,28.76,1,1494,161.45
kreisfahrt,25.0,28.81,1,1496,162.25
kreisfahrt,25.1,28.82,1,1497,163.05
kreisfahrt,25.2,28.88,1,1500,163.85
kreisfahrt,25.3,28.93,1,1503,164.65
kreisfahrt,25.4,28.98,1,1505,165.46
kreisfahrt,25.5,29.02,1,1507,166.26
kreisfahrt,25.6,29.07,1,1510,167.07
kreisfahrt,25.7,29.11,1,1512,167.88
kreisfahrt,25.8,29.15,1,1514,168.69
kreisfahrt,25.9,29.20,1,1516,169.50
kreisfahrt,26.0,29.24,1,1519,170.31
kreisfahrt,26.1,29.28,1,1521,171.12
kreisfahrt,26.2,29.30,1,1522,171.94
kreisfahrt,26.3,29.35,1,1525,172.75
kreisfahrt,26.4,29.40,1,1527,173.57
kreisfahrt,26.5,29.45,1,1530,174.39
kreisfahrt,26.6,29.50,1,1532,175.21
kreisfahrt,26.7,29.54,1,1534,176.03
kreisfahrt,26.8,29.58,1,1537,176.85
kreisfahrt,26.9,29.63,1,1539,177.67
kreisfahrt,27.0,29.67,1,1541,178.50
kreisfahrt,27.1,29.71,1,1543,179.32
kreisfahrt,27.2,29.76,1,1546,180.15
kreisfahrt,27.3,29.80,1,1548,180.97
kreisfahrt,27.4,29.84,1,1550,181.80
kreisfahrt,27.5,29.86,1,1551,182.63
kreisfahrt,27.6,29.91,1,1554,183.46
kreisfahrt,27.7,29.96,1,1556,184.29
kreisfahrt,27.8,30.01,1,1559,185.13
kreisfahrt,27.9,30.06,1,1561,185.96
kreisfahrt,28.0,30.10,1,1564,186.80
kreisfahrt,28.1,30.15,1,1566,187.64
kreisfahrt,28.2,30.19,1,1568,188.47
kreisfahrt,28.3,30.23,1,1570,189.31
kreisfahrt,28.4,30.27,1,1573,190.15
kreisfahrt,28.5,30.32,1,1575,191.00
kreisfahrt,28.6,30.36,1,1577,191.84
kreisfahrt,28.7,30.40,1,1579,192.68
kreisfahrt,28.8,30.45,1,1581,193.53
kreisfahrt,28.9,30.49,1,1584,194.38
kreisfahrt,29.0,30.53,1,1586,195.22
kreisfahrt,29.1,30.54,1,1586,196.07
kreisfahrt,29.2,30.60,1,1589,196.92
kreisfahrt,29.3,30.65,1,1592,197.77
kreisfahrt,29.4,30.70,1,1594,198.63
kreisfahrt,29.5,30.74,1,1597,199.48
kreisfahrt,29.6,30.79,1,1599,200.33
kreisfahrt,29.7,30.84,1,1602,201.19
kreisfahrt,29.8,30.88,1,1604,202.05
kreisfahrt,29.9,30.92,1,1606,202.91
kreisfahrt,30.0,30.97,1,1608,203.77
kreisfahrt,30.1,31.01,1,1611,204.63
kreisfahrt,30.2,31.05,1,1613,205.49
kreisfahrt,30.3,31.09,1,1615,206.35
kreisfahrt,30.4,31.14,1,1617,207.22
kreisfahrt,30.5,31.18,1,1620,208.08
kreisfahrt,30.6,31.22,1,1622,208.95
kreisfahrt,30.7,31.27,1,1624,209.82
kreisfahrt,30.8,31.31,1,1626,210.69
kreisfahrt,30.9,31.35,1,1629,211.56
kreisfahrt,31.0,31.40,1,1631,212.43
kreisfahrt,31.1,31.44,1,1633,213.30
kreisfahrt,31.2,31.48,1,1635,214.18
kreisfahrt,31.3,31.53,1,1638,215.05
kreisfahrt,31.4,31.57,1,1640,215.93
kreisfahrt,31.5,31.61,1,1642,216.81
kreisfahrt,31.6,31.65,1,1644,217.69
kreisfahrt,31.7,31.70,1,1646,218.57
kreisfahrt,31.8,31.74,1,1649,219.45
kreisfahrt,31.9,31.75,1,1649,220.33
kreisfahrt,32.0,31.81,1,1652,221.21
kreisfahrt,32.1,31.85,1,1655,222.10
kreisfahrt,32.2,31.90,1,1657,222.99
kreisfahrt,32.3,31.95,1,1660,223.87
kreisfahrt,32.4,32.00,1,1662,224.76
kreisfahrt,32.5,32.04,1,1664,225.65
kreisfahrt,32.6,32.09,1,1667,226.54
kreisfahrt,32.7,32.13,1,1669,227.43
kreisfahrt,32.8,32.17,1,1671,228.33
kreisfahrt,32.9,32.22,1,1673,229.22
kreisfahrt,33.0,32.26,1,1676,230.12
kreisfahrt,33.1,32.30,1,1678,231.02
kreisfahrt,33.2,32.35,1,1680,231.91
kreisfahrt,33.3,32.39,1,1682,232.81
kreisfahrt,33.4,32.43,1,1685,233.71
kreisfahrt,33.5,32.47,1,1687,234.62
kreisfahrt,33.6,32.52,1,1689,235.52
kreisfahrt,33.7,32.56,1,1691,236.42
kreisfahrt,33.8,32.60,1,1694,237.33
kreisfahrt,33.9,32.65,1,1696,238.23
kreisfahrt,34.0,32.69,1,1698,239.14
kreisfahrt,34.1,32.73,1,1700,240.05
kreisfahrt,34.2,32.78,1,1702,240.96
kreisfahrt,34.3,32.82,1,1705,241.87
kreisfahrt,34.4,32.86,1,1707,242.79
kreisfahrt,34.5,32.91,1,1709,243.70
kreisfahrt,34.6,32.95,1,1711,244.61
kreisfahrt,34.7,32.99,1,1714,245.53
kreisfahrt,34.8,33.04,1,1716,246.45
kreisfahrt,34.9,33.08,1,1718,247.37
kreisfahrt,35.0,33.12,1,1720,248.29
kreisfahrt,35.1,33.16,1,1723,249.21
kreisfahrt,35.2,33.21,1,1725,250.13
kreisfahrt,35.3,33.25,1,1727,251.05
kreisfahrt,35.4,33.29,1,1729,251.98
kreisfahrt,35.5,33.34,1,1732,252.90
kreisfahrt,35.6,33.38,1,1734,253.83
kreisfahrt,35.7,33.42,1,1736,254.76
kreisfahrt,35.8,33.47,1,1738,255.69
kreisfahrt,35.9,33.51,1,1741,256.62
kreisfahrt,36.0,33.55,1,1743,257.55
kreisfahrt,36.1,33.60,1,1745,258.48
kreisfahrt,36.2,33.64,1,1747,259.42
kreisfahrt,36.3,33.68,1,1750,260.35
kreisfahrt,36.4,33.73,1,1752,261.29
kreisfahrt,36.5,33.77,1,1754,262.23
kreisfahrt,36.6,33.81,1,1756,263.17
kreisfahrt,36.7,33.85,1,1759,264.11
kreisfahrt,36.8,33.90,1,1761,265.05
kreisfahrt,36.9,33.94,1,1763,265.99
kreisfahrt,37.0,33.98,1,1765,266.93
kreisfahrt,37.1,34.03,1,1767,267.88
kreisfahrt,37.2,34.07,1,1770,268.83
kreisfahrt,37.3,34.11,1,1772,269.77
kreisfahrt,37.4,34.16,1,1774,270.72
kreisfahrt,37.5,34.20,1,1776,271.67
kreisfahrt,37.6,34.24,1,1779,272.62
kreisfahrt,37.7,34.29,1,1781,273.57
kreisfahrt,37.8,34.33,1,1783,274.53
kreisfahrt,37.9,34.37,1,1785,275.48
kreisfahrt,38.0,34.42,1,1788,276.44
kreisfahrt,38.1,34.46,1,1790,277.39
kreisfahrt,38.2,34.50,1,1792,278.35
kreisfahrt,38.3,34.54,1,1794,279.31
kreisfahrt,38.4,34.59,1,1797,280.27
kreisfahrt,38.5,34.63,1,1799,281.23
kreisfahrt,38.6,34.67,1,1801,282.20
kreisfahrt,38.7,34.72,1,1803,283.16
kreisfahrt,38.8,34.76,1,1805,284.13
kreisfahrt,38.9,34.80,1,1808,285.09
kreisfahrt,39.0,34.85,1,1810,286.06
kreisfahrt,39.1,34.89,1,1812,287.03
kreisfahrt,39.2,34.93,1,1814,288.00
kreisfahrt,39.3,34.97,1,1817,288.97
kreisfahrt,39.4,35.02,1,1819,289.94
kreisfahrt,39.5,35.06,1,1821,290.92
kreisfahrt,39.6,35.10,1,1823,291.89
kreisfahrt,39.7,35.15,1,1826,292.87
kreisfahrt,39.8,35.19,1,1828,293.84
kreisfahrt,39.9,35.23,1,1830,294.82
kreisfahrt,40.0,35.28,1,1832,295.80
kreisfahrt,40.1,35.32,1,1835,296.78
kreisfahrt,40.2,35.36,1,1837,297.77
kreisfahrt,40.3,35.40,1,1839,298.75
kreisfahrt,40.4,35.45,1,1841,299.73
kreisfahrt,40.5,35.49,1,1843,300.72
kreisfahrt,40.6,35.53,1,1846,301.71
kreisfahrt,40.7,35.58,1,1848,302.69
kreisfahrt,40.8,35.62,1,1850,303.68
kreisfahrt,40.9,35.66,1,1852,304.67
kreisfahrt,41.0,35.71,1,1855,305.66
kreisfahrt,41.1,35.75,1,1857,306.66
kreisfahrt,41.2,35.79,1,1859,307.65
kreisfahrt,41.3,35.84,1,1861,308.65
kreisfahrt,41.4,35.88,1,1864,309.64
kreisfahrt,41.5,35.92,1,1866,310.64
kreisfahrt,41.6,35.96,1,1868,311.64
kreisfahrt,41.7,36.01,1,1870,312.64
kreisfahrt,41.8,36.05,1,1873,313.64
kreisfahrt,41.9,36.09,1,1875,314.64
kreisfahrt,42.0,36.14,1,1877,315.65
kreisfahrt,42.1,36.18,1,1879,316.65
kreisfahrt,42.2,36.22,1,1882,317.66
kreisfahrt,42.3,36.27,1,1884,318.66
kreisfahrt,42.4,36.31,1,1886,319.67
kreisfahrt,42.5,36.35,1,1888,320.68
kreisfahrt,42.6,36.40,1,1891,321.69
kreisfahrt,42.7,36.44,1,1893,322.70
kreisfahrt,42.8,36.48,1,1895,323.72
kreisfahrt,42.9,36.53,1,1897,324.73
kreisfahrt,43.0,36.57,1,1899,325.75
kreisfahrt,43.1,36.61,1,1902,326.76
kreisfahrt,43.2,36.65,1,1904,327.78
kreisfahrt,43.3,36.70,1,1906,328.80
kreisfahrt,43.4,36.74,1,1908,329.82
kreisfahrt,43.5,36.78,1,1911,330.84
kreisfahrt,43.6,36.83,1,1913,331.87
kreisfahrt,43.7,36.87,1,1915,332.89
kreisfahrt,43.8,36.91,1,1917,333.91
kreisfahrt,43.9,36.96,1,1920,334.94
kreisfahrt,44.0,37.00,1,1922,335.97
kreisfahrt,44.1,37.04,1,1924,337.00
kreisfahrt,44.2,37.09,1,1926,338.03
kreisfahrt,44.3,37.13,1,1929,339.06
kreisfahrt,44.4,37.17,1,1931,340.09
kreisfahrt,44.5,37.22,1,1933,341.12
kreisfahrt,44.6,37.26,1,1935,342.16
kreisfahrt,44.7,37.30,1,1938,343.19
kreisfahrt,44.8,37.35,1,1940,344.23
kreisfahrt,44.9,37.39,1,1942,345.27
kreisfahrt,45.0,37.43,1,1944,346.31
kreisfahrt,45.1,37.47,1,1947,347.35
kreisfahrt,45.2,37.52,1,1949,348.39
kreisfahrt,45.3,37.56,1,1951,349.43
kreisfahrt,45.4,37.60,1,1953,350.48
kreisfahrt,45.5,37.65,1,1956,351.52
kreisfahrt,45.6,37.69,1,1958,352.57
kreisfahrt,45.7,37.73,1,1960,353.62
kreisfahrt,45.8,37.78,1,1962,354.67
kreisfahrt,45.9,37.82,1,1964,355.72
kreisfahrt,46.0,37.86,1,1967,356.77
kreisfahrt,46.1,37.91,1,1969,357.82
kreisfahrt,46.2,37.95,1,1971,358.88
kreisfahrt,46.3,37.99,1,1973,359.93
kreisfahrt,46.4,38.04,1,1976,360.99
kreisfahrt,46.5,38.08,1,1978,362.05
kreisfahrt,46.6,38.12,1,1980,363.10
kreisfahrt,46.7,38.17,1,1982,364.16
kreisfahrt,46.8,38.21,1,1985,365.22
kreisfahrt,46.9,38.25,1,1987,366.29
kreisfahrt,47.0,38.29,1,1989,367.35
kreisfahrt,47.1,38.34,1,1991,368.42
kreisfahrt,47.2,38.38,1,1994,369.48
kreisfahrt,47.3,38.42,1,1996,370.55
kreisfahrt,47.4,38.47,1,1998,371.62
kreisfahrt,47.5,38.51,1,2000,372.69
kreisfahrt,47.6,38.55,1,2003,373.76
kreisfahrt,47.7,38.60,1,2005,374.83
kreisfahrt,47.8,38.64,1,2007,375.90
kreisfahrt,47.9,38.68,1,2009,376.98
kreisfahrt,48.0,38.73,1,2012,378.05
kreisfahrt,48.1,38.77,1,2014,379.13
kreisfahrt,48.2,38.81,1,2016,380.21
kreisfahrt,48.3,38.86,1,2018,381.28
kreisfahrt,48.4,38.90,1,2021,382.36
kreisfahrt,48.5,38.94,1,2023,383.45
kreisfahrt,48.6,38.99,1,2025,384.53
kreisfahrt,48.7,39.03,1,2027,385.61
kreisfahrt,48.8,39.07,1,2030,386.70
kreisfahrt,48.9,39.12,1,2032,387.78
kreisfahrt,49.0,39.16,1,2034,388.87
kreisfahrt,49.1,39.20,1,2036,389.96
kreisfahrt,49.2,39.24,1,2038,391.05
kreisfahrt,49.3,39.29,1,2041,392.14
kreisfahrt,49.4,39.33,1,2043,393.23
kreisfahrt,49.5,39.37,1,2045,394.33
kreisfahrt,49.6,39.42,1,2047,395.42
kreisfahrt,49.7,39.46,1,2050,396.52
kreisfahrt,49.8,39.50,1,2052,397.61
kreisfahrt,49.9,39.55,1,2054,398.71
kreisfahrt,50.0,39.59,1,2056,399.81
kreisfahrt,50.1,39.63,1,2059,400.91
kreisfahrt,50.2,39.68,1,2061,402.01
kreisfahrt,50.3,39.72,1,2063,403.12
kreisfahrt,50.4,39.76,1,2065,404.22
kreisfahrt,50.5,39.81,1,2068,405.33
kreisfahrt,50.6,39.85,1,2070,406.43
kreisfahrt,50.7,39.89,1,2072,407.54
kreisfahrt,50.8,39.94,1,2074,408.65
kreisfahrt,50.9,39.98,1,2077,409.76
kreisfahrt,51.0,40.02,1,2079,410.87
kreisfahrt,51.1,40.06,1,2081,411.98
kreisfahrt,51.2,40.11,1,2083,413.10
kreisfahrt,51.3,40.15,1,2086,414.21
kreisfahrt,51.4,40.19,1,2088,415.33
kreisfahrt,51.5,40.24,1,2090,416.45
kreisfahrt,51.6,40.28,1,2092,417.56
kreisfahrt,51.7,40.32,1,2095,418.68
kreisfahrt,51.8,40.37,1,2097,419.81
kreisfahrt,51.9,40.41,1,2099,420.93
kreisfahrt,52.0,40.45,1,2101,422.05
kreisfahrt,52.1,40.50,1,2104,423.18
kreisfahrt,52.2,40.54,1,2106,424.30
kreisfahrt,52.3,40.58,1,2108,425.43
kreisfahrt,52.4,40.63,1,2110,426.56
kreisfahrt,52.5,40.67,1,2112,427.69
kreisfahrt,52.6,40.71,1,2115,428.82
kreisfahrt,52.7,40.76,1,2117,429.95
kreisfahrt,52.8,40.80,1,2119,431.08
kreisfahrt,52.9,40.84,1,2121,432.22
kreisfahrt,53.0,40.88,1,2124,433.35
kreisfahrt,53.1,40.93,1,2126,434.49
kreisfahrt,53.2,40.97,1,2128,435.62
kreisfahrt,53.3,41.01,1,2130,436.76
kreisfahrt,53.4,41.06,1,2133,437.90
kreisfahrt,53.5,41.10,1,2135,439.05
kreisfahrt,53.6,41.14,1,2137,440.19
kreisfahrt,53.7,41.19,1,2139,441.33
kreisfahrt,53.8,41.23,1,2142,442.48
kreisfahrt,53.9,41.27,1,2144,443.62
kreisfahrt,54.0,41.32,1,2146,444.77
kreisfahrt,54.1,41.36,1,2148,445.92
kreisfahrt,54.2,41.40,1,2151,447.07
kreisfahrt,54.3,41.45,1,2153,448.22
kreisfahrt,54.4,41.49,1,2155,449.37
kreisfahrt,54.5,41.53,1,2157,450.52
kreisfahrt,54.6,41.58,1,2160,451.68
kreisfahrt,54.7,41.62,1,2162,452.84
kreisfahrt,54.8,41.66,1,2164,453.99
kreisfahrt,54.9,41.70,1,2166,455.15
kreisfahrt,55.0,41.75,1,2169,456.31
kreisfahrt,55.1,41.79,1,2171,457.47
kreisfahrt,55.2,41.83,1,2173,458.63
kreisfahrt,55.3,41.88,1,2175,459.79
kreisfahrt,55.4,41.92,1,2178,460.96
kreisfahrt,55.5,41.96,1,2180,462.12
kreisfahrt,55.6,42.01,1,2182,463.29
kreisfahrt,55.7,42.05,1,2184,464.46
kreisfahrt,55.8,42.09,1,2186,465.63
kreisfahrt,55.9,42.14,1,2189,466.80
kreisfahrt,56.0,42.18,1,2191,467.97
kreisfahrt,56.1,42.22,1,2193,469.14
kreisfahrt,56.2,42.27,1,2195,470.31
kreisfahrt,56.3,42.31,1,2198,471.49
kreisfahrt,56.4,42.35,1,2200,472.67
kreisfahrt,56.5,42.40,1,2202,473.84
kreisfahrt,56.6,42.44,1,2204,475.02
kreisfahrt,56.7,42.48,1,2207,476.20
kreisfahrt,56.8,42.52,1,2209,477.38
kreisfahrt,56.9,42.57,1,2211,478.56
kreisfahrt,57.0,42.61,1,2213,479.75
kreisfahrt,57.1,42.65,1,2216,480.93
kreisfahrt,57.2,42.70,1,2218,482.12
kreisfahrt,57.3,42.74,1,2220,483.30
kreisfahrt,57.4,42.78,1,2222,484.49
kreisfahrt,57.5,42.83,1,2225,485.68
kreisfahrt,57.6,42.87,1,2227,486.87
kreisfahrt,57.7,42.91,1,2229,488.06
kreisfahrt,57.8,42.96,1,2231,489.26
kreisfahrt,57.9,43.00,1,2234,490.45
kreisfahrt,58.0,43.04,1,2236,491.65
kreisfahrt,58.1,43.09,1,2238,492.84
kreisfahrt,58.2,43.13,1,2240,494.04
kreisfahrt,58.3,43.17,1,2243,495.24
kreisfahrt,58.4,43.22,1,2245,496.44
kreisfahrt,58.5,43.26,1,2247,497.64
kreisfahrt,58.6,43.30,1,2249,498.84
kreisfahrt,58.7,43.34,1,2251,500.05
kreisfahrt,58.8,43.39,1,2254,501.25
kreisfahrt,58.9,43.43,1,2256,502.46
kreisfahrt,59.0,43.47,1,2258,503.67
kreisfahrt,59.1,43.52,1,2260,504.87
kreisfahrt,59.2,43.56,1,2263,506.08
kreisfahrt,59.3,43.60,1,2265,507.29
kreisfahrt,59.4,43.65,1,2267,508.51
kreisfahrt,59.5,43.69,1,2269,509.72
kreisfahrt,59.6,43.73,1,2272,510.93
kreisfahrt,59.7,43.78,1,2274,512.15
kreisfahrt,59.8,43.82,1,2276,513.37
kreisfahrt,59.9,43.86,1,2278,514.58
kreisfahrt,60.0,43.91,1,2281,515.80
kreisfahrt,60.1,43.95,1,2283,517.02
kreisfahrt,60.2,43.99,1,2285,518.25
kreisfahrt,60.3,44.04,1,2287,519.47
kreisfahrt,60.4,44.08,1,2290,520.69
kreisfahrt,60.5,44.12,1,2292,521.92
kreisfahrt,60.6,44.16,1,2294,523.14
kreisfahrt,60.7,44.21,1,2296,524.37
kreisfahrt,60.8,44.25,1,2299,525.60
kreisfahrt,60.9,44.29,1,2301,526.83
kreisfahrt,61.0,44.34,1,2303,528.06
kreisfahrt,61.1,44.38,1,2305,529.29
kreisfahrt,61.2,44.42,1,2308,530.53
kreisfahrt,61.3,44.47,1,2310,531.76
kreisfahrt,61.4,44.51,1,2312,533.00
kreisfahrt,61.5,44.55,1,2314,534.24
kreisfahrt,61.6,44.60,1,2317,535.47
kreisfahrt,61.7,44.64,1,2319,536.71
kreisfahrt,61.8,44.68,1,2321,537.95
kreisfahrt,61.9,44.73,1,2323,539.20
kreisfahrt,62.0,44.77,1,2325,540.44
kreisfahrt,62.1,44.81,1,2328,541.68
kreisfahrt,62.2,44.86,1,2330,542.93
kreisfahrt,62.3,44.90,1,2332,544.18
kreisfahrt,62.4,44.94,1,2334,545.42
kreisfahrt,62.5,44.98,1,2337,546.67
kreisfahrt,62.6,45.03,1,2339,547.92
kreisfahrt,62.7,45.07,1,2341,549.18
kreisfahrt,62.8,45.11,1,2343,550.43
kreisfahrt,62.9,45.16,1,2346,551.68
kreisfahrt,63.0,45.20,1,2348,552.94
kreisfahrt,63.1,45.24,1,2350,554.19
kreisfahrt,63.2,45.29,1,2352,555.45
kreisfahrt,63.3,45.33,1,2355,556.71
kreisfahrt,63.4,45.37,1,2357,557.97
kreisfahrt,63.5,45.42,1,2359,559.23
kreisfahrt,63.6,45.46,1,2361,560.49
kreisfahrt,63.7,45.50,1,2364,561.76
kreisfahrt,63.8,45.55,1,2366,563.02
kreisfahrt,63.9,45.59,1,2368,564.29
kreisfahrt,64.0,45.63,1,2370,565.56
kreisfahrt,64.1,45.68,1,2373,566.82
kreisfahrt,64.2,45.72,1,2375,568.09
kreisfahrt,64.3,45.76,1,2377,569.36
kreisfahrt,64.4,45.80,1,2379,570.64
kreisfahrt,64.5,45.85,1,2382,571.91
kreisfahrt,64.6,45.89,1,2384,573.18
kreisfahrt,64.7,45.93,1,2386,574.46
kreisfahrt,64.8,45.98,1,2388,575.74
kreisfahrt,64.9,46.02,1,2390,577.01
kreisfahrt,65.0,46.06,1,2393,578.29
kreisfahrt,65.1,46.11,1,2395,579.57
kreisfahrt,65.2,46.15,1,2397,580.85
kreisfahrt,65.3,46.19,1,2399,582.14
kreisfahrt,65.4,46.24,1,2402,583.42
kreisfahrt,65.5,46.28,1,2404,584.71
kreisfahrt,65.6,46.32,1,2406,585.99
kreisfahrt,65.7,46.37,1,2408,587.28
kreisfahrt,65.8,46.41,1,2411,588.57
kreisfahrt,65.9,46.45,1,2413,589.86
kreisfahrt,66.0,46.50,1,2415,591.15
kreisfahrt,66.1,46.54,1,2417,592.44
kreisfahrt,66.2,46.58,1,2420,593.74
kreisfahrt,66.3,46.62,1,2422,595.03
kreisfahrt,66.4,46.67,1,2424,596.33
kreisfahrt,66.5,46.71,1,2426,597.62
kreisfahrt,66.6,46.75,1,2429,598.92
kreisfahrt,66.7,46.80,1,2431,600.22
kreisfahrt,66.8,46.84,1,2433,601.52
kreisfahrt,66.9,46.88,1,2435,602.82
kreisfahrt,67.0,46.93,1,2438,604.13
kreisfahrt,67.1,46.97,1,2440,605.43
kreisfahrt,67.2,47.01,1,2442,606.74
kreisfahrt,67.3,47.06,1,2444,608.04
kreisfahrt,67.4,47.10,1,2447,609.35
kreisfahrt,67.5,47.14,1,2449,610.66
kreisfahrt,67.6,47.19,1,2451,611.97
kreisfahrt,67.7,47.23,1,2453,613.28
kreisfahrt,67.8,47.27,1,2455,614.59
kreisfahrt,67.9,47.31,1,2458,615.91
kreisfahrt,68.0,47.36,1,2460,617.22
kreisfahrt,68.1,47.40,1,2462,618.54
kreisfahrt,68.2,47.44,1,2464,619.86
kreisfahrt,68.3,47.49,1,2467,621.18
kreisfahrt,68.4,47.53,1,2469,622.50
kreisfahrt,68.5,47.57,1,2471,623.82
kreisfahrt,68.6,47.62,1,2473,625.14
kreisfahrt,68.7,47.66,1,2476,626.46
kreisfahrt,68.8,47.70,1,2478,627.79
kreisfahrt,68.9,47.75,1,2480,629.11
kreisfahrt,69.0,47.79,1,2482,630.44
kreisfahrt,69.1,47.83,1,2485,631.77
kreisfahrt,69.2,47.88,1,2487,633.10
kreisfahrt,69.3,47.92,1,2489,634.43
kreisfahrt,69.4,47.96,1,2491,635.76
kreisfahrt,69.5,48.01,1,2494,637.09
kreisfahrt,69.6,48.05,1,2496,638.43
kreisfahrt,69.7,48.09,1,2498,639.76
kreisfahrt,69.8,48.13,1,2500,641.10
kreisfahrt,69.9,48.18,1,2503,642.44
kreisfahrt,70.0,48.22,1,2505,643.78
kreisfahrt,70.1,48.26,1,2507,645.12
kreisfahrt,70.2,48.31,1,2509,646.46
kreisfahrt,70.3,48.35,1,2512,647.80
kreisfahrt,70.4,48.39,1,2514,649.14
kreisfahrt,70.5,48.44,1,2516,650.49
kreisfahrt,70.6,48.48,1,2518,651.84
kreisfahrt,70.7,48.52,1,2520,653.18
kreisfahrt,70.8,48.57,1,2523,654.53
kreisfahrt,70.9,48.61,1,2525,655.88
kreisfahrt,71.0,48.65,1,2527,657.23
kreisfahrt,71.1,48.70,1,2529,658.58
kreisfahrt,71.2,48.74,1,2532,659.94
kreisfahrt,71.3,48.78,1,2534,661.29
kreisfahrt,71.4,48.82,1,2536,662.65
kreisfahrt,71.5,48.87,1,2538,664.01
kreisfahrt,71.6,48.91,1,2541,665.36
kreisfahrt,71.7,48.95,1,2543,666.72
kreisfahrt,71.8,49.00,1,2545,668.08
kreisfahrt,71.9,49.04,1,2547,669.45
kreisfahrt,72.0,49.08,1,2550,670.81
kreisfahrt,72.1,49.13,1,2552,672.17
kreisfahrt,72.2,49.17,1,2554,673.54
kreisfahrt,72.3,49.21,1,2556,674.90
kreisfahrt,72.4,49.26,1,2559,676.27
kreisfahrt,72.5,49.30,1,2561,677.64
kreisfahrt,72.6,49.34,1,2563,679.01
kreisfahrt,72.7,49.39,1,2565,680.38
kreisfahrt,72.8,49.43,1,2568,681.76
kreisfahrt,72.9,49.47,1,2570,683.13
kreisfahrt,73.0,49.51,1,2572,684.50
kreisfahrt,73.1,49.56,1,2574,685.88
kreisfahrt,73.2,49.60,1,2576,687.26
kreisfahrt,73.3,49.64,1,2579,688.64
kreisfahrt,73.4,49.69,1,2581,690.02
kreisfahrt,73.5,49.73,1,2583,691.40
kreisfahrt,73.6,49.77,1,2585,692.78
kreisfahrt,73.7,49.82,1,2588,694.16
kreisfahrt,73.8,49.86,1,2590,695.55
kreisfahrt,73.9,49.90,1,2592,696.93
kreisfahrt,74.0,49.95,1,2594,698.32
kreisfahrt,74.1,49.99,1,2597,699.71
kreisfahrt,74.2,50.03,1,2599,701.10
kreisfahrt,74.3,50.08,1,2601,702.49
kreisfahrt,74.4,50.12,1,2603,703.88
kreisfahrt,74.5,50.16,1,2606,705.27
kreisfahrt,74.6,50.20,1,2608,706.67
kreisfahrt,74.7,50.25,1,2610,708.06
kreisfahrt,74.8,50.29,1,2612,709.46
kreisfahrt,74.9,50.33,1,2615,710.86
kreisfahrt,75.0,50.38,1,2617,712.25
kreisfahrt,75.1,50.42,1,2619,713.65
kreisfahrt,75.2,50.46,1,2621,715.06
kreisfahrt,75.3,50.51,1,2624,716.46
kreisfahrt,75.4,50.55,1,2626,717.86
kreisfahrt,75.5,50.59,1,2628,719.27
kreisfahrt,75.6,50.64,1,2630,720.67
kreisfahrt,75.7,50.68,1,2633,722.08
kreisfahrt,75.8,50.72,1,2635,723.49
kreisfahrt,75.9,50.77,1,2637,724.90
kreisfahrt,76.0,50.81,1,2639,726.31
kreisfahrt,76.1,50.85,1,2641,727.72
kreisfahrt,76.2,50.89,1,2644,729.13
kreisfahrt,76.3,50.94,1,2646,730.55
kreisfahrt,76.4,50.98,1,2648,731.96
kreisfahrt,76.5,51.02,1,2650,733.38
kreisfahrt,76.6,51.07,1,2653,734.80
kreisfahrt,76.7,51.11,1,2655,736.22
kreisfahrt,76.8,51.15,1,2657,737.64
kreisfahrt,76.9,51.20,1,2659,739.06
kreisfahrt,77.0,51.24,1,2662,740.48
kreisfahrt,77.1,51.28,1,2664,741.91
kreisfahrt,77.2,51.33,1,2666,743.33
kreisfahrt,77.3,51.37,1,2668,744.76
kreisfahrt,77.4,51.41,1,2671,746.19
kreisfahrt,77.5,51.46,1,2673,747.62
kreisfahrt,77.6,51.50,1,2675,749.05
kreisfahrt,77.7,51.54,1,2677,750.48
kreisfahrt,77.8,51.58,1,2680,751.91
kreisfahrt,77.9,51.63,1,2682,753.34
kreisfahrt,78.0,51.67,1,2684,754.78
kreisfahrt,78.1,51.71,1,2686,756.21
kreisfahrt,78.2,51.76,1,2689,757.65
kreisfahrt,78.3,51.80,1,2691,759.09
kreisfahrt,78.4,51.84,1,2693,760.53
kreisfahrt,78.5,51.89,1,2695,761.97
kreisfahrt,78.6,51.93,1,2697,763.41
kreisfahrt,78.7,51.97,1,2700,764.86
kreisfahrt,78.8,52.02,1,2702,766.30
kreisfahrt,78.9,52.06,1,2704,767.74
kreisfahrt,79.0,52.10,1,2706,769.19
kreisfahrt,79.1,52.15,1,2709,770.64
kreisfahrt,79.2,52.19,1,2711,772.09
kreisfahrt,79.3,52.23,1,2713,773.54
kreisfahrt,79.4,52.27,1,2715,774.99
kreisfahrt,79.5,52.32,1,2718,776.44
kreisfahrt,79.6,52.36,1,2720,777.90
kreisfahrt,79.7,52.40,1,2722,779.35
kreisfahrt,79.8,52.45,1,2724,780.81
kreisfahrt,79.9,52.49,1,2727,782.27
kreisfahrt,80.0,52.53,1,2729,783.73
kreisfahrt,80.1,52.58,1,2731,785.19
kreisfahrt,80.2,52.62,1,2733,786.65
kreisfahrt,80.3,52.66,1,2736,788.11
kreisfahrt,80.4,52.71,1,2738,789.57
kreisfahrt,80.5,52.75,1,2740,791.04
kreisfahrt,80.6,52.79,1,2742,792.50
kreisfahrt,80.7,52.84,1,2744,793.97
kreisfahrt,80.8,52.88,1,2747,795.44
kreisfahrt,80.9,52.92,1,2749,796.91
kreisfahrt,81.0,52.96,1,2751,798.38
kreisfahrt,81.1,53.01,1,2753,799.85
kreisfahrt,81.2,53.05,1,2756,801.32
kreisfahrt,81.3,53.09,1,2758,802.80
kreisfahrt,81.4,53.14,1,2760,804.27
kreisfahrt,81.5,53.18,1,2762,805.75
kreisfahrt,81.6,53.22,1,2765,807.23
kreisfahrt,81.7,53.27,1,2767,808.71
kreisfahrt,81.8,53.31,1,2769,810.19
kreisfahrt,81.9,53.35,1,2771,811.67
kreisfahrt,82.0,53.40,1,2774,813.15
kreisfahrt,82.1,53.44,1,2776,814.64
kreisfahrt,82.2,53.48,1,2778,816.12
kreisfahrt,82.3,53.52,1,2780,817.61
kreisfahrt,82.4,53.57,1,2783,819.09
kreisfahrt,82.5,53.61,1,2785,820.58
kreisfahrt,82.6,53.65,1,2787,822.07
kreisfahrt,82.7,53.70,1,2789,823.56
kreisfahrt,82.8,53.74,1,2792,825.06
kreisfahrt,82.9,53.78,1,2794,826.55
kreisfahrt,83.0,53.83,1,2796,828.04
kreisfahrt,83.1,53.87,1,2798,829.54
kreisfahrt,83.2,53.91,1,2800,831.04
kreisfahrt,83.3,53.96,1,2803,832.54
kreisfahrt,83.4,54.00,1,2805,834.03
kreisfahrt,83.5,54.04,1,2807,835.54
kreisfahrt,83.6,54.09,1,2809,837.04
kreisfahrt,83.7,54.13,1,2812,838.54
kreisfahrt,83.8,54.17,1,2814,840.04
kreisfahrt,83.9,54.21,1,2816,841.55
kreisfahrt,84.0,54.26,1,2818,843.06
kreisfahrt,84.1,54.30,1,2821,844.56
kreisfahrt,84.2,54.34,1,2823,846.07
kreisfahrt,84.3,54.39,1,2825,847.58
kreisfahrt,84.4,54.43,1,2827,849.10
kreisfahrt,84.5,54.47,1,2830,850.61
kreisfahrt,84.6,54.52,1,2832,852.12
kreisfahrt,84.7,54.56,1,2834,853.64
kreisfahrt,84.8,54.60,1,2836,855.15
kreisfahrt,84.9,54.65,1,2839,856.67
kreisfahrt,85.0,54.69,1,2841,858.19
kreisfahrt,85.1,54.73,1,2843,859.71
kreisfahrt,85.2,54.77,1,2845,861.23
kreisfahrt,85.3,54.82,1,2847,862.75
kreisfahrt,85.4,54.86,1,2850,864.27
kreisfahrt,85.5,54.90,1,2852,865.80
kreisfahrt,85.6,54.95,1,2854,867.33
kreisfahrt,85.7,54.99,1,2856,868.85
kreisfahrt,85.8,55.03,1,2859,870.38
kreisfahrt,85.9,55.08,1,2861,871.91
kreisfahrt,86.0,55.12,1,2863,873.44
kreisfahrt,86.1,55.16,1,2865,874.97
kreisfahrt,86.2,55.21,1,2868,876.50
kreisfahrt,86.3,55.25,1,2870,878.04
kreisfahrt,86.4,55.29,1,2872,879.57
kreisfahrt,86.5,55.33,1,2874,881.11
kreisfahrt,86.6,55.38,1,2877,882.65
kreisfahrt,86.7,55.42,1,2879,884.19
kreisfahrt,86.8,55.46,1,2881,885.73
kreisfahrt,86.9,55.51,1,2883,887.27
kreisfahrt,87.0,55.55,1,2886,888.81
kreisfahrt,87.1,55.59,1,2888,890.36
kreisfahrt,87.2,55.64,1,2890,891.90
kreisfahrt,87.3,55.68,1,2892,893.45
kreisfahrt,87.4,55.72,1,2894,894.99
kreisfahrt,87.5,55.77,1,2897,896.54
kreisfahrt,87.6,55.81,1,2899,898.09
kreisfahrt,87.7,55.85,1,2901,899.64
kreisfahrt,87.8,55.89,1,2903,901.19
kreisfahrt,87.9,55.94,1,2906,902.75
kreisfahrt,88.0,55.98,1,2908,904.30
kreisfahrt,88.1,56.02,1,2910,905.86
kreisfahrt,88.2,56.07,1,2912,907.42
kreisfahrt,88.3,56.11,1,2915,908.97
kreisfahrt,88.4,56.15,1,2917,910.53
kreisfahrt,88.5,56.20,1,2919,912.09
kreisfahrt,88.6,56.24,1,2921,913.65
kreisfahrt,88.7,56.28,1,2924,915.22
kreisfahrt,88.8,56.33,1,2926,916.78
kreisfahrt,88.9,56.37,1,2928,918.35
kreisfahrt,89.0,56.41,1,2930,919.91
kreisfahrt,89.1,56.45,1,2933,921.48
kreisfahrt,89.2,56.50,1,2935,923.05
kreisfahrt,89.3,56.54,1,2937,924.62
kreisfahrt,89.4,56.58,1,2939,926.19
kreisfahrt,89.5,56.63,1,2941,927.76
kreisfahrt,89.6,56.67,1,2944,929.34
kreisfahrt,89.7,56.71,1,2946,930.91
kreisfahrt,89.8,56.76,1,2948,932.49
kreisfahrt,89.9,56.80,1,2950,934.06
kreisfahrt,90.0,56.84,1,2953,935.64
kreisfahrt,90.1,56.89,1,2955,937.22
kreisfahrt,90.2,56.93,1,2957,938.80
kreisfahrt,90.3,56.97,1,2959,940.39
kreisfahrt,90.4,57.01,1,2962,941.97
kreisfahrt,90.5,57.06,1,2964,943.55
kreisfahrt,90.6,57.10,1,2966,945.14
kreisfahrt,90.7,57.14,1,2968,946.73
kreisfahrt,90.8,57.19,1,2971,948.31
kreisfahrt,90.9,57.23,1,2973,949.90
kreisfahrt,91.0,57.27,1,2975,951.49
kreisfahrt,91.1,57.32,1,2977,953.08
kreisfahrt,91.2,57.36,1,2979,954.68
kreisfahrt,91.3,57.40,1,2982,956.27
kreisfahrt,91.4,57.45,1,2984,957.87
kreisfahrt,91.5,57.49,1,2986,959.46
kreisfahrt,91.6,57.53,1,2988,961.06
kreisfahrt,91.7,57.57,1,2991,962.66
kreisfahrt,91.8,57.62,1,2993,964.26
kreisfahrt,91.9,57.66,1,2995,965.86
kreisfahrt,92.0,57.70,1,2997,967.46
kreisfahrt,92.1,57.75,1,3000,969.07
kreisfahrt,92.2,57.79,1,3002,970.67
kreisfahrt,92.3,57.83,1,3004,972.28
kreisfahrt,92.4,57.88,1,3006,973.88
kreisfahrt,92.5,57.92,1,3009,975.49
kreisfahrt,92.6,57.96,1,3011,977.10
kreisfahrt,92.7,58.00,1,3013,978.71
kreisfahrt,92.8,58.05,1,3015,980.32
kreisfahrt,92.9,58.09,1,3018,981.94
kreisfahrt,93.0,58.13,1,3020,983.55
kreisfahrt,93.1,58.18,1,3022,985.17
kreisfahrt,93.2,58.22,1,3024,986.78
kreisfahrt,93.3,58.26,1,3026,988.40
kreisfahrt,93.4,58.31,1,3029,990.02
kreisfahrt,93.5,58.35,1,3031,991.64
kreisfahrt,93.6,58.39,1,3033,993.26
kreisfahrt,93.7,58.43,1,3035,994.89
kreisfahrt,93.8,58.48,1,3038,996.51
kreisfahrt,93.9,58.52,1,3040,998.13
kreisfahrt,94.0,58.56,1,3042,999.76
kreisfahrt,94.1,58.61,1,3044,1001.39
kreisfahrt,94.2,58.65,1,3047,1003.02
kreisfahrt,94.3,58.69,1,3049,1004.65
kreisfahrt,94.4,58.74,1,3051,1006.28
kreisfahrt,94.5,58.78,1,3053,1007.91
kreisfahrt,94.6,58.82,1,3056,1009.54
kreisfahrt,94.7,58.87,1,3058,1011.18
kreisfahrt,94.8,58.91,1,3060,1012.81
kreisfahrt,94.9,58.95,1,3062,1014.45
kreisfahrt,95.0,58.99,1,3064,1016.09
kreisfahrt,95.1,59.04,1,3067,1017.73
kreisfahrt,95.2,59.08,1,3069,1019.37
kreisfahrt,95.3,59.12,1,3071,1021.01
kreisfahrt,95.4,59.17,1,3073,1022.65
kreisfahrt,95.5,59.21,1,3076,1024.30
kreisfahrt,95.6,59.25,1,3078,1025.94
kreisfahrt,95.7,59.30,1,3080,1027.59
kreisfahrt,95.8,59.34,1,3082,1029.24
kreisfahrt,95.9,59.38,1,3085,1030.89
kreisfahrt,96.0,59.42,1,3087,1032.54
kreisfahrt,96.1,59.47,1,3089,1034.19
kreisfahrt,96.2,59.51,1,3091,1035.84
kreisfahrt,96.3,59.55,1,3093,1037.49
kreisfahrt,96.4,59.60,1,3096,1039.15
kreisfahrt,96.5,59.64,1,3098,1040.80
kreisfahrt,96.6,59.68,1,3100,1042.46
kreisfahrt,96.7,59.73,1,3102,1044.12
kreisfahrt,96.8,59.77,1,3105,1045.78
kreisfahrt,96.9,59.81,1,3107,1047.44
kreisfahrt,97.0,59.85,1,3109,1049.10
kreisfahrt,97.1,59.90,1,3111,1050.77
kreisfahrt,97.2,59.94,1,3114,1052.43
kreisfahrt,97.3,59.98,1,3116,1054.10
kreisfahrt,97.4,60.03,1,3118,1055.76
kreisfahrt,97.5,60.07,1,3120,1057.43
kreisfahrt,97.6,60.11,1,3123,1059.10
kreisfahrt,97.7,60.15,1,3125,1060.77
kreisfahrt,97.8,60.20,1,3127,1062.44
kreisfahrt,97.9,60.24,1,3129,1064.12
kreisfahrt,98.0,60.28,1,3131,1065.79
kreisfahrt,98.1,60.33,1,3134,1067.47
kreisfahrt,98.2,60.37,1,3136,1069.14
kreisfahrt,98.3,60.41,1,3138,1070.82
kreisfahrt,98.4,60.46,1,3140,1072.50
kreisfahrt,98.5,60.50,1,3143,1074.18
kreisfahrt,98.6,60.54,1,3145,1075.86
kreisfahrt,98.7,60.58,1,3147,1077.54
kreisfahrt,98.8,60.63,1,3149,1079.23
kreisfahrt,98.9,60.67,1,3152,1080.91
kreisfahrt,99.0,60.71,1,3154,1082.60
kreisfahrt,99.1,60.76,1,3156,1084.28
kreisfahrt,99.2,60.80,1,3158,1085.97
kreisfahrt,99.3,60.84,1,3160,1087.66
kreisfahrt,99.4,60.89,1,3163,1089.35
kreisfahrt,99.5,60.93,1,3165,1091.04
kreisfahrt,99.6,60.97,1,3167,1092.74
kreisfahrt,99.7,61.01,1,3169,1094.43
kreisfahrt,99.8,61.06,1,3172,1096.13
kreisfahrt,99.9,61.10,1,3174,1097.82
kreisfahrt,100.0,61.14,1,3176,1099.52
kreisfahrt,100.1,61.19,1,3178,1101.22
kreisfahrt,100.2,61.23,1,3181,1102.92
kreisfahrt,100.3,61.27,1,3183,1104.62
kreisfahrt,100.4,61.31,1,3185,1106.33
kreisfahrt,100.5,61.36,1,3187,1108.03
kreisfahrt,100.6,61.40,1,3189,1109.74
kreisfahrt,100.7,61.44,1,3192,1111.44
kreisfahrt,100.8,61.49,1,3194,1113.15
kreisfahrt,100.9,61.53,1,3196,1114.86
kreisfahrt,101.0,61.57,1,3198,1116.57
kreisfahrt,101.1,61.61,1,3201,1118.28
kreisfahrt,101.2,61.66,1,3203,1119.99
kreisfahrt,101.3,61.70,1,3205,1121.70
kreisfahrt,101.4,61.74,1,3207,1123.42
kreisfahrt,101.5,61.79,1,3210,1125.14
kreisfahrt,101.6,61.83,1,3212,1126.85
kreisfahrt,101.7,61.87,1,3214,1128.57
kreisfahrt,101.8,61.92,1,3216,1130.29
kreisfahrt,101.9,61.96,1,3218,1132.01
kreisfahrt,102.0,62.00,1,3221,1133.73
kreisfahrt,102.1,62.04,1,3223,1135.46
kreisfahrt,102.2,62.09,1,3225,1137.18
kreisfahrt,102.3,62.13,1,3227,1138.91
kreisfahrt,102.4,62.17,1,3230,1140.63
kreisfahrt,102.5,62.22,1,3232,1142.36
kreisfahrt,102.6,62.26,1,3234,1144.09
kreisfahrt,102.7,62.30,1,3236,1145.82
kreisfahrt,102.8,62.34,1,3238,1147.55
kreisfahrt,102.9,62.39,1,3241,1149.28
kreisfahrt,103.0,62.43,1,3243,1151.02
kreisfahrt,103.1,62.47,1,3245,1152.75
kreisfahrt,103.2,62.52,1,3247,1154.49
kreisfahrt,103.3,62.56,1,3250,1156.23
kreisfahrt,103.4,62.60,1,3252,1157.96
kreisfahrt,103.5,62.64,1,3254,1159.70
kreisfahrt,103.6,62.69,1,3256,1161.44
kreisfahrt,103.7,62.73,1,3258,1163.19
kreisfahrt,103.8,62.77,1,3261,1164.93
kreisfahrt,103.9,62.82,1,3263,1166.67
kreisfahrt,104.0,62.86,1,3265,1168.42
kreisfahrt,104.1,62.90,1,3267,1170.17
kreisfahrt,104.2,62.94,1,3270,1171.92
kreisfahrt,104.3,62.99,1,3272,1173.66
kreisfahrt,104.4,63.03,1,3274,1175.41
kreisfahrt,104.5,63.07,1,3276,1177.17
kreisfahrt,104.6,63.11,1,3279,1178.92
kreisfahrt,104.7,63.16,1,3281,1180.67
kreisfahrt,104.8,63.20,1,3283,1182.43
kreisfahrt,104.9,63.24,1,3285,1184.19
kreisfahrt,105.0,63.29,1,3287,1185.94
kreisfahrt,105.1,63.33,1,3290,1187.70
kreisfahrt,105.2,63.37,1,3292,1189.46
kreisfahrt,105.3,63.41,1,3294,1191.22
kreisfahrt,105.4,63.46,1,3296,1192.99
kreisfahrt,105.5,63.50,1,3299,1194.75
kreisfahrt,105.6,63.54,1,3301,1196.51
kreisfahrt,105.7,63.59,1,3303,1198.28
kreisfahrt,105.8,63.63,1,3305,1200.05
kreisfahrt,105.9,63.67,1,3307,1201.82
kreisfahrt,106.0,63.71,1,3310,1203.59
kreisfahrt,106.1,63.76,1,3312,1205.36
kreisfahrt,106.2,63.80,1,3314,1207.13
kreisfahrt,106.3,63.84,1,3316,1208.90
kreisfahrt,106.4,63.88,1,3318,1210.68
kreisfahrt,106.5,63.93,1,3321,1212.45
kreisfahrt,106.6,63.97,1,3323,1214.23
kreisfahrt,106.7,64.01,1,3325,1216.01
kreisfahrt,106.8,64.06,1,3327,1217.78
kreisfahrt,106.9,64.10,1,3330,1219.57
kreisfahrt,107.0,64.14,1,3332,1221.35
kreisfahrt,107.1,64.18,1,3334,1223.13
kreisfahrt,107.2,64.23,1,3336,1224.91
kreisfahrt,107.3,64.27,1,3338,1226.70
kreisfahrt,107.4,64.31,1,3341,1228.48
kreisfahrt,107.5,64.35,1,3343,1230.27
kreisfahrt,107.6,64.40,1,3345,1232.06
kreisfahrt,107.7,64.44,1,3347,1233.85
kreisfahrt,107.8,64.48,1,3350,1235.64
kreisfahrt,107.9,64.52,1,3352,1237.43
kreisfahrt,108.0,64.57,1,3354,1239.23
kreisfahrt,108.1,64.61,1,3356,1241.02
kreisfahrt,108.2,64.65,1,3358,1242.82
kreisfahrt,108.3,64.69,1,3361,1244.61
kreisfahrt,108.4,64.74,1,3363,1246.41
kreisfahrt,108.5,64.78,1,3365,1248.21
kreisfahrt,108.6,64.82,1,3367,1250.01
kreisfahrt,108.7,64.86,1,3369,1251.81
kreisfahrt,108.8,64.91,1,3372,1253.62
kreisfahrt,108.9,64.95,1,3374,1255.42
kreisfahrt,109.0,64.99,1,3376,1257.23
kreisfahrt,109.1,65.03,1,3378,1259.03
kreisfahrt,109.2,65.08,1,3380,1260.84
kreisfahrt,109.3,65.12,1,3383,1262.65
kreisfahrt,109.4,65.16,1,3385,1264.46
kreisfahrt,109.5,65.20,1,3387,1266.27
kreisfahrt,109.6,65.25,1,3389,1268.08
kreisfahrt,109.7,65.29,1,3391,1269.90
kreisfahrt,109.8,65.33,1,3394,1271.71
kreisfahrt,109.9,65.37,1,3396,1273.53
kreisfahrt,110.0,65.42,1,3398,1275.35
kreisfahrt,110.1,65.46,1,3400,1277.16
kreisfahrt,110.2,65.50,1,3403,1278.98
kreisfahrt,110.3,65.54,1,3405,1280.81
kreisfahrt,110.4,65.59,1,3407,1282.63
kreisfahrt,110.5,65.63,1,3409,1284.45
kreisfahrt,110.6,65.67,1,3411,1286.27
kreisfahrt,110.7,65.71,1,3414,1288.10
kreisfahrt,110.8,65.76,1,3416,1289.93
kreisfahrt,110.9,65.80,1,3418,1291.76
kreisfahrt,111.0,65.84,1,3420,1293.58
kreisfahrt,111.1,65.88,1,3422,1295.41
kreisfahrt,111.2,65.93,1,3425,1297.25
kreisfahrt,111.3,65.97,1,3427,1299.08
kreisfahrt,111.4,66.01,1,3429,1300.91
kreisfahrt,111.5,66.05,1,3431,1302.75
kreisfahrt,111.6,66.09,1,3433,1304.58
kreisfahrt,111.7,66.14,1,3435,1306.42
kreisfahrt,111.8,66.18,1,3438,1308.26
kreisfahrt,111.9,66.22,1,3440,1310.10
kreisfahrt,112.0,66.26,1,3442,1311.94
kreisfahrt,112.1,66.30,1,3444,1313.78
kreisfahrt,112.2,66.35,1,3446,1315.63
kreisfahrt,112.3,66.39,1,3449,1317.47
kreisfahrt,112.4,66.43,1,3451,1319.32
kreisfahrt,112.5,66.47,1,3453,1321.16
kreisfahrt,112.6,66.52,1,3455,1323.01
kreisfahrt,112.7,66.56,1,3457,1324.86
kreisfahrt,112.8,66.60,1,3460,1326.71
kreisfahrt,112.9,66.64,1,3462,1328.56
kreisfahrt,113.0,66.68,1,3464,1330.42
kreisfahrt,113.1,66.73,1,3466,1332.27
kreisfahrt,113.2,66.77,1,3468,1334.13
kreisfahrt,113.3,66.81,1,3470,1335.98
kreisfahrt,113.4,66.85,1,3473,1337.84
kreisfahrt,113.5,66.89,1,3475,1339.70
kreisfahrt,113.6,66.93,1,3477,1341.56
kreisfahrt,113.7,66.98,1,3479,1343.42
kreisfahrt,113.8,67.02,1,3481,1345.28
kreisfahrt,113.9,67.06,1,3483,1347.14
kreisfahrt,114.0,67.10,1,3486,1349.01
kreisfahrt,114.1,67.14,1,3488,1350.88
kreisfahrt,114.2,67.19,1,3490,1352.74
kreisfahrt,114.3,67.23,1,3492,1354.61
kreisfahrt,114.4,67.27,1,3494,1356.48
kreisfahrt,114.5,67.31,1,3496,1358.35
kreisfahrt,114.6,67.35,1,3499,1360.22
kreisfahrt,114.7,67.39,1,3501,1362.10
kreisfahrt,114.8,67.43,1,3503,1363.97
kreisfahrt,114.9,67.48,1,3505,1365.84
kreisfahrt,115.0,67.52,1,3507,1367.72
kreisfahrt,115.1,67.56,1,3509,1369.60
kreisfahrt,115.2,67.60,1,3512,1371.48
kreisfahrt,115.3,67.64,1,3514,1373.36
kreisfahrt,115.4,67.68,1,3516,1375.24
kreisfahrt,115.5,67.72,1,3518,1377.12
kreisfahrt,115.6,67.77,1,3520,1379.00
kreisfahrt,115.7,67.81,1,3522,1380.89
kreisfahrt,115.8,67.85,1,3524,1382.78
kreisfahrt,115.9,67.89,1,3527,1384.66
kreisfahrt,116.0,67.93,1,3529,1386.55
kreisfahrt,116.1,67.97,1,3531,1388.44
kreisfahrt,116.2,68.01,1,3533,1390.33
kreisfahrt,116.3,68.05,1,3535,1392.22
kreisfahrt,116.4,68.10,1,3537,1394.11
kreisfahrt,116.5,68.14,1,3539,1396.01
kreisfahrt,116.6,68.18,1,3542,1397.90
kreisfahrt,116.7,68.22,1,3544,1399.80
kreisfahrt,116.8,68.26,1,3546,1401.70
kreisfahrt,116.9,68.30,1,3548,1403.60
kreisfahrt,117.0,68.34,1,3550,1405.50
kreisfahrt,117.1,68.38,1,3552,1407.40
kreisfahrt,117.2,68.42,1,3554,1409.30
kreisfahrt,117.3,68.46,1,3556,1411.20
kreisfahrt,117.4,68.51,1,3559,1413.11
kreisfahrt,117.5,68.55,1,3561,1415.01
kreisfahrt,117.6,68.59,1,3563,1416.92
kreisfahrt,117.7,68.63,1,3565,1418.83
kreisfahrt,117.8,68.67,1,3567,1420.74
kreisfahrt,117.9,68.71,1,3569,1422.65
kreisfahrt,118.0,68.75,1,3571,1424.56
kreisfahrt,118.1,68.79,1,3573,1426.47
kreisfahrt,118.2,68.83,1,3576,1428.39
kreisfahrt,118.3,68.87,1,3578,1430.30
kreisfahrt,118.4,68.91,1,3580,1432.22
kreisfahrt,118.5,68.96,1,3582,1434.13
kreisfahrt,118.6,69.00,1,3584,1436.05
kreisfahrt,118.7,69.04,1,3586,1437.97
kreisfahrt,118.8,69.08,1,3588,1439.89
kreisfahrt,118.9,69.12,1,3590,1441.81
kreisfahrt,119.0,69.16,1,3593,1443.74
kreisfahrt,119.1,69.20,1,3595,1445.66
kreisfahrt,119.2,69.24,1,3597,1447.59
kreisfahrt,119.3,69.28,1,3599,1449.51
kreisfahrt,119.4,69.32,1,3601,1451.44
kreisfahrt,119.5,69.36,1,3603,1453.37
kreisfahrt,119.6,69.41,1,3605,1455.30
kreisfahrt,119.7,69.45,1,3607,1457.23
kreisfahrt,119.8,69.49,1,3610,1459.16
kreisfahrt,119.9,69.53,1,3612,1461.10
kreisfahrt,120.0,69.57,1,3614,1463.03
kreisfahrt,120.1,69.61,1,3616,1464.97
kreisfahrt,120.2,69.65,1,3618,1466.90
kreisfahrt,120.3,69.69,1,3620,1468.84
kreisfahrt,120.4,69.73,1,3622,1470.78
kreisfahrt,120.5,69.77,1,3624,1472.72
kreisfahrt,120.6,69.81,1,3626,1474.66
