ab_glyph	0.2.32	Apache-2.0
ab_glyph_rasterizer	0.1.10	Apache-2.0
adler2	2.0.1	0BSD OR MIT OR Apache-2.0
ahash	0.8.12	MIT OR Apache-2.0
allocator-api2	0.2.21	MIT OR Apache-2.0
alsa	0.11.0	Apache-2.0/MIT
alsa-sys	0.4.0	MIT
android_system_properties	0.1.6	MIT OR Apache-2.0
android-activity	0.6.1	MIT OR Apache-2.0
android-properties	0.2.2	MIT
anyhow	1.0.104	MIT OR Apache-2.0
arrayref	0.3.9	BSD-2-Clause
arrayvec	0.7.8	MIT OR Apache-2.0
as-raw-xcb-connection	1.0.1	MIT OR Apache-2.0
ash	0.38.0+1.3.281	MIT OR Apache-2.0
atomic-waker	1.1.2	Apache-2.0 OR MIT
autocfg	1.5.1	Apache-2.0 OR MIT
base64	0.22.1	MIT OR Apache-2.0
bit-set	0.9.1	Apache-2.0 OR MIT
bit-vec	0.9.1	Apache-2.0 OR MIT
bitflags	1.3.2	MIT/Apache-2.0
bitflags	2.13.2	MIT OR Apache-2.0
block2	0.5.1	MIT
block2	0.6.2	MIT
bumpalo	3.20.3	MIT OR Apache-2.0
bytemuck	1.25.2	Zlib OR Apache-2.0 OR MIT
bytemuck_derive	1.12.1	Zlib OR Apache-2.0 OR MIT
bytes	1.12.1	MIT
calloop	0.13.0	MIT
calloop-wayland-source	0.3.0	MIT
cc	1.6.0	MIT OR Apache-2.0
cfg_aliases	0.2.2	MIT
cfg-if	1.0.5	MIT OR Apache-2.0
codespan-reporting	0.13.1	Apache-2.0
combine	4.6.8	MIT
concurrent-queue	2.5.0	Apache-2.0 OR MIT
core-foundation	0.9.4	MIT OR Apache-2.0
core-foundation-sys	0.8.7	MIT OR Apache-2.0
core-graphics	0.23.2	MIT OR Apache-2.0
core-graphics-types	0.1.3	MIT OR Apache-2.0
coreaudio-rs	0.14.2	MIT/Apache-2.0
cpal	0.18.2	Apache-2.0
crc32fast	1.5.2	MIT OR Apache-2.0
crossbeam-utils	0.8.23	MIT OR Apache-2.0
crunchy	0.2.4	MIT
cursor-icon	1.2.0	MIT OR Apache-2.0 OR Zlib
dasp_sample	0.11.0	MIT OR Apache-2.0
dispatch	0.2.0	MIT
dispatch2	0.3.1	Zlib OR Apache-2.0 OR MIT
displaydoc	0.2.7	MIT OR Apache-2.0
dlib	0.5.3	MIT
document-features	0.2.12	MIT OR Apache-2.0
downcast-rs	1.2.1	MIT/Apache-2.0
dpi	0.1.2	Apache-2.0 AND MIT
earcutr	0.5.0	ISC
either	1.18.0	MIT OR Apache-2.0
equivalent	1.0.2	Apache-2.0 OR MIT
errno	0.3.14	MIT OR Apache-2.0
fdeflate	0.3.7	MIT OR Apache-2.0
find-msvc-tools	0.1.14	MIT OR Apache-2.0
flate2	1.1.10	MIT OR Apache-2.0
fnv	1.0.7	Apache-2.0 / MIT
foldhash	0.1.5	Zlib
foldhash	0.2.0	Zlib
font8x8	0.3.1	MIT
foreign-types	0.5.0	MIT/Apache-2.0
foreign-types-macros	0.2.4	MIT/Apache-2.0
foreign-types-shared	0.3.1	MIT/Apache-2.0
form_urlencoded	1.2.2	MIT OR Apache-2.0
futures-core	0.3.34	MIT OR Apache-2.0
futures-task	0.3.34	MIT OR Apache-2.0
futures-util	0.3.34	MIT OR Apache-2.0
gethostname	1.1.0	Apache-2.0
getrandom	0.2.17	MIT OR Apache-2.0
getrandom	0.3.4	MIT OR Apache-2.0
getrandom	0.4.3	MIT OR Apache-2.0
gilrs	0.11.2	Apache-2.0/MIT
gilrs-core	0.6.8	Apache-2.0/MIT
glam	0.32.1	MIT OR Apache-2.0
gpu-allocator	0.28.0	MIT OR Apache-2.0
gpu-descriptor	0.3.2	MIT OR Apache-2.0
gpu-descriptor-types	0.2.0	MIT OR Apache-2.0
half	2.7.1	MIT OR Apache-2.0
hashbrown	0.15.5	MIT OR Apache-2.0
hashbrown	0.16.1	MIT OR Apache-2.0
hashbrown	0.17.1	MIT OR Apache-2.0
hermit-abi	0.5.3	MIT OR Apache-2.0
hexf-parse	0.2.1	CC0-1.0
icu_collections	2.3.0	Unicode-3.0
icu_locale_core	2.3.0	Unicode-3.0
icu_normalizer	2.3.0	Unicode-3.0
icu_normalizer_data	2.3.0	Unicode-3.0
icu_properties	2.3.0	Unicode-3.0
icu_properties_data	2.3.0	Unicode-3.0
icu_provider	2.3.1	Unicode-3.0
idna	1.1.0	MIT OR Apache-2.0
idna_adapter	1.2.2	Apache-2.0 OR MIT
indexmap	2.14.2	Apache-2.0 OR MIT
inotify	0.11.5	ISC
inotify-sys	0.1.8	ISC
itertools	0.14.0	MIT OR Apache-2.0
itoa	1.0.18	MIT OR Apache-2.0
jni	0.22.4	MIT OR Apache-2.0
jni-macros	0.22.4	MIT OR Apache-2.0
jni-sys	0.3.1	MIT OR Apache-2.0
jni-sys	0.4.1	MIT OR Apache-2.0
jni-sys-macros	0.4.1	MIT OR Apache-2.0
jobserver	0.1.35	MIT OR Apache-2.0
js-sys	0.3.106	MIT OR Apache-2.0
libc	0.2.190	MIT OR Apache-2.0
libloading	0.8.9	ISC
libm	0.2.16	MIT
libredox	0.1.25	MIT
libudev-sys	0.1.4	MIT
linux-raw-sys	0.4.15	Apache-2.0 WITH LLVM-exception OR Apache-2.0 OR MIT
linux-raw-sys	0.12.1	Apache-2.0 WITH LLVM-exception OR Apache-2.0 OR MIT
litemap	0.8.3	Unicode-3.0
litrs	1.0.0	MIT OR Apache-2.0
lock_api	0.4.14	MIT OR Apache-2.0
log	0.4.34	MIT OR Apache-2.0
mach2	0.6.0	BSD-2-Clause OR MIT OR Apache-2.0
memchr	2.8.3	Unlicense OR MIT
memmap2	0.9.11	MIT OR Apache-2.0
miniz_oxide	0.8.9	MIT OR Zlib OR Apache-2.0
miniz_oxide	0.9.1	MIT OR Zlib OR Apache-2.0
naga	29.0.4	MIT OR Apache-2.0
ndk	0.9.0	MIT OR Apache-2.0
ndk-context	0.1.1	MIT OR Apache-2.0
ndk-sys	0.6.0+11769913	MIT OR Apache-2.0
nix	0.31.3	MIT
num_enum	0.7.6	BSD-3-Clause OR MIT OR Apache-2.0
num_enum_derive	0.7.6	BSD-3-Clause OR MIT OR Apache-2.0
num-derive	0.4.2	MIT OR Apache-2.0
num-traits	0.2.19	MIT OR Apache-2.0
objc-sys	0.3.5	MIT
objc2	0.5.2	MIT
objc2	0.6.4	MIT
objc2-app-kit	0.2.2	MIT
objc2-audio-toolbox	0.3.2	Zlib OR Apache-2.0 OR MIT
objc2-avf-audio	0.3.2	Zlib OR Apache-2.0 OR MIT
objc2-cloud-kit	0.2.2	MIT
objc2-contacts	0.2.2	MIT
objc2-core-audio	0.3.2	Zlib OR Apache-2.0 OR MIT
objc2-core-audio-types	0.3.2	Zlib OR Apache-2.0 OR MIT
objc2-core-data	0.2.2	MIT
objc2-core-foundation	0.3.2	Zlib OR Apache-2.0 OR MIT
objc2-core-image	0.2.2	MIT
objc2-core-location	0.2.2	MIT
objc2-encode	4.1.0	MIT
objc2-foundation	0.2.2	MIT
objc2-foundation	0.3.2	MIT
objc2-io-kit	0.3.2	Zlib OR Apache-2.0 OR MIT
objc2-link-presentation	0.2.2	MIT
objc2-metal	0.2.2	MIT
objc2-metal	0.3.2	Zlib OR Apache-2.0 OR MIT
objc2-quartz-core	0.2.2	MIT
objc2-quartz-core	0.3.2	Zlib OR Apache-2.0 OR MIT
objc2-symbols	0.2.2	MIT
objc2-ui-kit	0.2.2	MIT
objc2-uniform-type-identifiers	0.2.2	MIT
objc2-user-notifications	0.2.2	MIT
once_cell	1.21.4	MIT OR Apache-2.0
orbclient	0.3.55	MIT
ordered-float	5.5.0	MIT
owned_ttf_parser	0.25.1	Apache-2.0
parking_lot	0.12.5	MIT OR Apache-2.0
parking_lot_core	0.9.12	MIT OR Apache-2.0
percent-encoding	2.3.2	MIT OR Apache-2.0
pin-project	1.1.13	Apache-2.0 OR MIT
pin-project-internal	1.1.13	Apache-2.0 OR MIT
pin-project-lite	0.2.17	Apache-2.0 OR MIT
pkg-config	0.3.34	MIT OR Apache-2.0
plain	0.2.3	MIT/Apache-2.0
png	0.18.1	MIT OR Apache-2.0
polling	3.11.0	Apache-2.0 OR MIT
pollster	0.4.0	Apache-2.0/MIT
portable-atomic	1.15.0	Apache-2.0 OR MIT
portable-atomic-util	0.2.8	Apache-2.0 OR MIT
potential_utf	0.1.6	Unicode-3.0
presser	0.3.1	MIT OR Apache-2.0
proc-macro-crate	3.5.0	MIT OR Apache-2.0
proc-macro2	1.0.107	MIT OR Apache-2.0
profiling	1.0.18	MIT OR Apache-2.0
quick-xml	0.41.0	MIT
quote	1.0.47	MIT OR Apache-2.0
r-efi	5.3.0	MIT OR Apache-2.0 OR LGPL-2.1-or-later
r-efi	6.0.0	MIT OR Apache-2.0 OR LGPL-2.1-or-later
range-alloc	0.1.5	MIT OR Apache-2.0
raw-window-handle	0.6.2	MIT OR Apache-2.0 OR Zlib
raw-window-metal	1.1.0	MIT OR Apache-2.0
redox_syscall	0.4.1	MIT
redox_syscall	0.5.18	MIT
redox_syscall	0.9.4	MIT
renderdoc-sys	1.1.0	MIT OR Apache-2.0
ring	0.17.14	Apache-2.0 AND ISC
rustc_version	0.4.1	MIT OR Apache-2.0
rustc-hash	1.1.0	Apache-2.0/MIT
rustix	0.38.44	Apache-2.0 WITH LLVM-exception OR Apache-2.0 OR MIT
rustix	1.1.5	Apache-2.0 WITH LLVM-exception OR Apache-2.0 OR MIT
rustls	0.23.45	Apache-2.0 OR ISC OR MIT
rustls-pki-types	1.15.1	MIT OR Apache-2.0
rustls-webpki	0.103.15	ISC
rustversion	1.0.23	MIT OR Apache-2.0
same-file	1.0.6	Unlicense/MIT
scoped-tls	1.0.1	MIT/Apache-2.0
scopeguard	1.2.0	MIT OR Apache-2.0
sctk-adwaita	0.10.1	MIT
semver	1.0.28	MIT OR Apache-2.0
serde	1.0.229	MIT OR Apache-2.0
serde_core	1.0.229	MIT OR Apache-2.0
serde_derive	1.0.229	MIT OR Apache-2.0
serde_json	1.0.151	MIT OR Apache-2.0
shlex	2.0.1	MIT OR Apache-2.0
simd_cesu8	1.2.0	Apache-2.0 OR MIT
simd-adler32	0.3.10	MIT
simdutf8	0.1.5	MIT OR Apache-2.0
slab	0.4.12	MIT
smallvec	1.16.2	MIT OR Apache-2.0
smithay-client-toolkit	0.19.2	MIT
smol_str	0.2.2	MIT OR Apache-2.0
spirv	0.4.0+sdk-1.4.341.0	Apache-2.0
stable_deref_trait	1.2.1	MIT OR Apache-2.0
static_assertions	1.1.0	MIT OR Apache-2.0
strict-num	0.1.1	MIT
subtle	2.6.1	BSD-3-Clause
syn	2.0.119	MIT OR Apache-2.0
syn	3.0.6	MIT OR Apache-2.0
synstructure	0.14.0	MIT
thiserror	1.0.69	MIT OR Apache-2.0
thiserror	2.0.21	MIT OR Apache-2.0
thiserror-impl	1.0.69	MIT OR Apache-2.0
thiserror-impl	2.0.21	MIT OR Apache-2.0
tiny-skia	0.11.4	BSD-3-Clause
tiny-skia-path	0.11.4	BSD-3-Clause
tinystr	0.8.4	Unicode-3.0
tokio	1.53.2	MIT
toml_datetime	1.1.1+spec-1.1.0	MIT OR Apache-2.0
toml_edit	0.25.15+spec-1.1.0	MIT OR Apache-2.0
toml_parser	1.1.3+spec-1.1.0	MIT OR Apache-2.0
tracing	0.1.44	MIT
tracing-core	0.1.36	MIT
ttf-parser	0.25.1	MIT OR Apache-2.0
unicode-ident	1.0.26	(MIT OR Apache-2.0) AND Unicode-3.0
unicode-segmentation	1.13.3	MIT OR Apache-2.0
unicode-width	0.2.2	MIT OR Apache-2.0
untrusted	0.9.0	ISC
ureq	2.12.1	MIT OR Apache-2.0
url	2.5.8	MIT OR Apache-2.0
utf8_iter	1.0.4	Apache-2.0 OR MIT
uuid	1.27.0	Apache-2.0 OR MIT
vec_map	0.8.2	MIT/Apache-2.0
version_check	0.9.5	MIT/Apache-2.0
walkdir	2.5.0	Unlicense/MIT
wasi	0.11.1+wasi-snapshot-preview1	Apache-2.0 WITH LLVM-exception OR Apache-2.0 OR MIT
wasip2	1.0.4+wasi-0.2.12	Apache-2.0 WITH LLVM-exception OR Apache-2.0 OR MIT
wasm-bindgen	0.2.129	MIT OR Apache-2.0
wasm-bindgen-futures	0.4.79	MIT OR Apache-2.0
wasm-bindgen-macro	0.2.129	MIT OR Apache-2.0
wasm-bindgen-macro-support	0.2.129	MIT OR Apache-2.0
wasm-bindgen-shared	0.2.129	MIT OR Apache-2.0
wayland-backend	0.3.17	MIT
wayland-client	0.31.15	MIT
wayland-csd-frame	0.3.0	MIT
wayland-cursor	0.31.14	MIT
wayland-protocols	0.32.13	MIT
wayland-protocols-plasma	0.3.12	MIT
wayland-protocols-wlr	0.3.12	MIT
wayland-scanner	0.31.11	MIT
wayland-sys	0.31.11	MIT
web-sys	0.3.106	MIT OR Apache-2.0
web-time	1.1.0	MIT OR Apache-2.0
webpki-roots	0.26.11	CDLA-Permissive-2.0
webpki-roots	1.0.9	CDLA-Permissive-2.0
wgpu	29.0.4	MIT OR Apache-2.0
wgpu-core	29.0.4	MIT OR Apache-2.0
wgpu-core-deps-apple	29.0.4	MIT OR Apache-2.0
wgpu-core-deps-windows-linux-android	29.0.4	MIT OR Apache-2.0
wgpu-hal	29.0.4	MIT OR Apache-2.0
wgpu-naga-bridge	29.0.4	MIT OR Apache-2.0
wgpu-types	29.0.4	MIT OR Apache-2.0
winapi-util	0.1.11	Unlicense OR MIT
windows	0.62.2	MIT OR Apache-2.0
windows_aarch64_gnullvm	0.52.6	MIT OR Apache-2.0
windows_aarch64_msvc	0.52.6	MIT OR Apache-2.0
windows_i686_gnu	0.52.6	MIT OR Apache-2.0
windows_i686_gnullvm	0.52.6	MIT OR Apache-2.0
windows_i686_msvc	0.52.6	MIT OR Apache-2.0
windows_x86_64_gnu	0.52.6	MIT OR Apache-2.0
windows_x86_64_gnullvm	0.52.6	MIT OR Apache-2.0
windows_x86_64_msvc	0.52.6	MIT OR Apache-2.0
windows-collections	0.3.2	MIT OR Apache-2.0
windows-core	0.62.2	MIT OR Apache-2.0
windows-future	0.3.2	MIT OR Apache-2.0
windows-implement	0.60.2	MIT OR Apache-2.0
windows-interface	0.59.3	MIT OR Apache-2.0
windows-link	0.2.1	MIT OR Apache-2.0
windows-numerics	0.3.1	MIT OR Apache-2.0
windows-result	0.4.1	MIT OR Apache-2.0
windows-strings	0.5.1	MIT OR Apache-2.0
windows-sys	0.52.0	MIT OR Apache-2.0
windows-sys	0.59.0	MIT OR Apache-2.0
windows-sys	0.61.2	MIT OR Apache-2.0
windows-targets	0.52.6	MIT OR Apache-2.0
windows-threading	0.2.1	MIT OR Apache-2.0
winit	0.30.13	Apache-2.0
winnow	1.0.4	MIT
wit-bindgen	0.57.1	Apache-2.0 WITH LLVM-exception OR Apache-2.0 OR MIT
writeable	0.6.4	Unicode-3.0
x11-dl	2.21.0	MIT
x11rb	0.13.2	MIT OR Apache-2.0
x11rb-protocol	0.13.2	MIT OR Apache-2.0
xcursor	0.3.11	MIT
xkbcommon-dl	0.4.2	MIT
xkeysym	0.2.1	MIT OR Apache-2.0 OR Zlib
yoke	0.8.3	Unicode-3.0
yoke-derive	0.8.4	Unicode-3.0
zerocopy	0.8.59	BSD-2-Clause OR Apache-2.0 OR MIT
zerocopy-derive	0.8.59	BSD-2-Clause OR Apache-2.0 OR MIT
zerofrom	0.1.8	Unicode-3.0
zerofrom-derive	0.1.8	Unicode-3.0
zeroize	1.9.0	Apache-2.0 OR MIT
zerotrie	0.2.5	Unicode-3.0
zerovec	0.11.8	Unicode-3.0
zerovec-derive	0.11.6	Unicode-3.0
zlib-rs	0.6.8	Zlib
zmij	1.0.23	MIT
